ID,Title,Location,Sector
https://www.saramin.co.kr/zf_user/search/recruit?=&searchword=blockchain&exp_min=1&exp_max=1&recruitSort=relation&recruitPageCount=345942517,2023 신입사원 공개채용,서울송파구,토목회사감사전산회계회계사관리회계
https://www.saramin.co.kr/zf_user/search/recruit?=&searchword=blockchain&exp_min=1&exp_max=1&recruitSort=relation&recruitPageCount=345969051,(SK계열사) 상반기 신입 및 경력직원 채용공고,경기군포시,SI·시스템통합ERP시스템관리솔루션업체소프트웨어개발
https://www.saramin.co.kr/zf_user/search/recruit?=&searchword=blockchain&exp_min=1&exp_max=1&recruitSort=relation&recruitPageCount=345927800,2023년 팀 아비에무아 인재 채용,서울마포구,패션샵마스터기획MD주얼리디자인가방
https://www.saramin.co.kr/zf_user/search/recruit?=&searchword=blockchain&exp_min=1&exp_max=1&recruitSort=relation&recruitPageCount=345968901,2023 LOUIS VUITTON 신입 및 경력 채용,서울강남구,섬유의류·의상패션SAP사이트관리
https://www.saramin.co.kr/zf_user/search/recruit?=&searchword=blockchain&exp_min=1&exp_max=1&recruitSort=relation&recruitPageCount=345970261,안국약품㈜ 6월 신입 및 경력직 채용,서울영등포구,건강보조식품의약·제약바이오생명공학관리회계
https://www.saramin.co.kr/zf_user/search/recruit?=&searchword=blockchain&exp_min=1&exp_max=1&recruitSort=relation&recruitPageCount=345968762,신양금속공업㈜ SY EV solutions 각 부문 신입/경력사원 채용,경기안산시 단원구,기타제조업제조업 회사본사전산회계IR/공시더존
https://www.saramin.co.kr/zf_user/search/recruit?=&searchword=blockchain&exp_min=1&exp_max=1&recruitSort=relation&recruitPageCount=345957952,[서울대병원 1호 스타트업] 2023 하반기 대규모 인재채용,서울종로구,데이터분석가데이터엔지니어백엔드/서버개발프론트엔드QA/테스터
https://www.saramin.co.kr/zf_user/search/recruit?=&searchword=blockchain&exp_min=1&exp_max=1&recruitSort=relation&recruitPageCount=345961824,"[코스닥/판교,용인] 하이로닉 각 분야 인재 모집 (신입/경력)",경기용인시 수지구,주방용품임베디드H/WS/WAWS
https://www.saramin.co.kr/zf_user/search/recruit?=&searchword=blockchain&exp_min=1&exp_max=1&recruitSort=relation&recruitPageCount=345934685,2023 ㈜노랑풍선 하반기 채용연계형 인턴 모집,서울중구,여행사채용담당자급여(Payroll)면접/인터뷰인사교육
https://www.saramin.co.kr/zf_user/search/recruit?=&searchword=blockchain&exp_min=1&exp_max=1&recruitSort=relation&recruitPageCount=345901903,반도체 장비 엔지니어 대규모 채용,경기이천시,기계기타제조업기술영업영업관리영업지원
https://www.saramin.co.kr/zf_user/search/recruit?=&searchword=blockchain&exp_min=1&exp_max=1&recruitSort=relation&recruitPageCount=345717196,㈜하나기술 2023년 상반기 각 부문별 직원 채용 공고,경기용인시,기계기계설비기계설계정보보안SE(시스템엔지니어)
https://www.saramin.co.kr/zf_user/search/recruit?=&searchword=blockchain&exp_min=1&exp_max=1&recruitSort=relation&recruitPageCount=345843264,2023년 신입 및 경력 공개채용,서울서대문구,건설회사건설현장건축감사내부감사
https://www.saramin.co.kr/zf_user/search/recruit?=&searchword=blockchain&exp_min=1&exp_max=1&recruitSort=relation&recruitPageCount=345937384,콜마비앤에이치㈜ 수시 공개 채용,서울서초구,건강보조식품바이오회계사관리회계기업회계
https://www.saramin.co.kr/zf_user/search/recruit?=&searchword=blockchain&exp_min=1&exp_max=1&recruitSort=relation&recruitPageCount=345959983,2023 하반기 공개채용,인천서구,건설회사토목회사시공사감리회사토지·측량
https://www.saramin.co.kr/zf_user/search/recruit?=&searchword=blockchain&exp_min=1&exp_max=1&recruitSort=relation&recruitPageCount=345925740,[쿠팡]이츠-(인센티브 포함 최대7000 가능) Sales 영업담당 채용,전국,전자상거래쇼핑몰오픈마켓기술영업영업관리
https://www.saramin.co.kr/zf_user/search/recruit?=&searchword=blockchain&exp_min=1&exp_max=1&recruitSort=relation&recruitPageCount=345879369,2023년 하반기 각 부분별 신입/경력사원 모집,경기화성시,판매기술영업영업관리영업MD의료기기영업
https://www.saramin.co.kr/zf_user/search/recruit?=&searchword=blockchain&exp_min=1&exp_max=1&recruitSort=relation&recruitPageCount=345967537,한국인터텍 각 분야별 직원 모집,경기군포시,섬유의류·의상패션감사경리
https://www.saramin.co.kr/zf_user/search/recruit?=&searchword=blockchain&exp_min=1&exp_max=1&recruitSort=relation&recruitPageCount=345822152,캐논코리아 각 부문 채용 (본사/지사),서울강남구,기타제조업데이터엔지니어백엔드/서버개발보안컨설팅앱개발
https://www.saramin.co.kr/zf_user/search/recruit?=&searchword=blockchain&exp_min=1&exp_max=1&recruitSort=relation&recruitPageCount=345693144,2023년 각 부문 신입/경력 상시 채용,경기성남시 분당구,의료기기경리전산회계IR/공시더존
https://www.saramin.co.kr/zf_user/search/recruit?=&searchword=blockchain&exp_min=1&exp_max=1&recruitSort=relation&recruitPageCount=345619294,"2023 신입/경력사원 모집-서울:영업,영업관리,웹디자이너,회계,SCM,구매/남양주:생산관리,사무/미국:생산직",서울영등포구,식음료식품가공경리경리사무원전산회계
https://www.saramin.co.kr/zf_user/search/recruit?=&searchword=blockchain&exp_min=1&exp_max=1&recruitSort=relation&recruitPageCount=344608960,블록체인 엔지니어(Blockchain Engineer) 정규직 모집,서울전체,백엔드/서버개발웹개발SE(시스템엔지니어)블록체인인프라
https://www.saramin.co.kr/zf_user/search/recruit?=&searchword=blockchain&exp_min=1&exp_max=1&recruitSort=relation&recruitPageCount=345835059,블록체인 엔지니어(Blockchain Engineer) 정규직 모집,서울강남구,블록체인DevOpsLinuxUnix데이터분석
https://www.saramin.co.kr/zf_user/search/recruit?=&searchword=blockchain&exp_min=1&exp_max=1&recruitSort=relation&recruitPageCount=345293686,[신입/경력] 블록체인 개발자(Blockchain Developer),서울강남구,백엔드/서버개발웹개발SE(시스템엔지니어)블록체인인프라
https://www.saramin.co.kr/zf_user/search/recruit?=&searchword=blockchain&exp_min=1&exp_max=1&recruitSort=relation&recruitPageCount=345921905,[4-10년] Blockchain DevOps,서울강남구,백엔드/서버개발웹개발SE(시스템엔지니어)블록체인인프라
https://www.saramin.co.kr/zf_user/search/recruit?=&searchword=blockchain&exp_min=1&exp_max=1&recruitSort=relation&recruitPageCount=345810534,Blockchain Engineer (Solidity),서울종로구,웹개발블록체인메타버스Solidity컨텐츠제공
https://www.saramin.co.kr/zf_user/search/recruit?=&searchword=blockchain&exp_min=1&exp_max=1&recruitSort=relation&recruitPageCount=345575101,에스앤피랩과 함께할 BlockChain 개발자를 모집합니다.,서울서초구,블록체인모바일APP
https://www.saramin.co.kr/zf_user/search/recruit?=&searchword=blockchain&exp_min=1&exp_max=1&recruitSort=relation&recruitPageCount=345663055,[웨이브릿지] Blockchain Business Strategist,서울중구,사업기획전략기획리서치시장조사신사업기획
https://www.saramin.co.kr/zf_user/search/recruit?=&searchword=blockchain&exp_min=1&exp_max=1&recruitSort=relation&recruitPageCount=345730948,하이퍼 스퀘어 Web3 [블록체인] 센터 경력 공개 채용,서울중구,DBAQA/테스터SI개발블록체인AWS
https://www.saramin.co.kr/zf_user/search/recruit?=&searchword=blockchain&exp_min=1&exp_max=1&recruitSort=relation&recruitPageCount=345967129,"팩터랩스 블록체인 프론트엔드(React, Reactnative) 개발자 채용",서울강남구,프론트엔드블록체인ReactReact-NativeTypeScript
https://www.saramin.co.kr/zf_user/search/recruit?=&searchword=blockchain&exp_min=1&exp_max=1&recruitSort=relation&recruitPageCount=345944932,[파트타임] 블록체인 지갑 및 AI 플랫폼 프론트엔드,서울강남구,웹개발프론트엔드딥러닝머신러닝블록체인
https://www.saramin.co.kr/zf_user/search/recruit?=&searchword=blockchain&exp_min=1&exp_max=1&recruitSort=relation&recruitPageCount=345910391,[다날관계사] 메타버스 프로젝트 블록체인 Front-End 개발 채용,경기성남시 분당구,데이터분석가데이터엔지니어백엔드/서버개발앱개발웹개발
https://www.saramin.co.kr/zf_user/search/recruit?=&searchword=blockchain&exp_min=1&exp_max=1&recruitSort=relation&recruitPageCount=345925769,블록체인 디파이 플랫폼 백엔드 전문 개발자,경기전체,백엔드/서버개발웹개발프론트엔드블록체인C#
https://www.saramin.co.kr/zf_user/search/recruit?=&searchword=blockchain&exp_min=1&exp_max=1&recruitSort=relation&recruitPageCount=345919959,서버개발(블록체인) 담당 채용,서울중구,백엔드/서버개발웹개발퍼블리셔프론트엔드블록체인
https://www.saramin.co.kr/zf_user/search/recruit?=&searchword=blockchain&exp_min=1&exp_max=1&recruitSort=relation&recruitPageCount=345944958,[파트타임] 블록체인 지갑 및 AI 플랫폼 백엔드,서울강남구,백엔드/서버개발웹개발프론트엔드SE(시스템엔지니어)딥러닝
https://www.saramin.co.kr/zf_user/search/recruit?=&searchword=blockchain&exp_min=1&exp_max=1&recruitSort=relation&recruitPageCount=345560505,블록체인 기반 메타버스 서비스 웹 개발자 채용,서울강남구,백엔드/서버개발블록체인R&D메타버스스마트컨트랙트
https://www.saramin.co.kr/zf_user/search/recruit?=&searchword=blockchain&exp_min=1&exp_max=1&recruitSort=relation&recruitPageCount=345931860,블록체인 솔루션 연구개발 인력 채용,부산해운대구,블록체인솔루션정보통신APIGit
https://www.saramin.co.kr/zf_user/search/recruit?=&searchword=blockchain&exp_min=1&exp_max=1&recruitSort=relation&recruitPageCount=345905401,사업기획/웹디자인/프론트엔드/백엔드/블록체인/웹기획 경력자,서울강남구,백엔드/서버개발앱개발웹개발퍼블리셔프론트엔드
https://www.saramin.co.kr/zf_user/search/recruit?=&searchword=blockchain&exp_min=1&exp_max=1&recruitSort=relation&recruitPageCount=345975500,블록체인 플랫폼 서비스기획 담당자 모집,서울강남구,블록체인브랜드기획마케팅기획콘텐츠기획마케팅기획
https://www.saramin.co.kr/zf_user/search/recruit?=&searchword=blockchain&exp_min=1&exp_max=1&recruitSort=relation&recruitPageCount=345975565,블록체인 코어 개발자모집,서울강남구,백엔드/서버개발웹개발SI개발블록체인핀테크
https://www.saramin.co.kr/zf_user/search/recruit?=&searchword=blockchain&exp_min=1&exp_max=1&recruitSort=relation&recruitPageCount=345904257,블록체인연구실 각 부문 신입 / 경력직 채용 (정규직),서울서초구,백엔드/서버개발앱개발웹개발프론트엔드반응형웹
https://www.saramin.co.kr/zf_user/search/recruit?=&searchword=blockchain&exp_min=1&exp_max=1&recruitSort=relation&recruitPageCount=345747601,(주)소프트위즈 블록체인 시스템 개발자 모집,서울강남구,백엔드/서버개발앱개발웹개발SI개발C++
https://www.saramin.co.kr/zf_user/search/recruit?=&searchword=blockchain&exp_min=1&exp_max=1&recruitSort=relation&recruitPageCount=345809109,[경력] IT 개발자 및 블록체인 부문 별 채용공고,서울영등포구,웹개발프론트엔드AndroidAWSGoLang
https://www.saramin.co.kr/zf_user/search/recruit?=&searchword=blockchain&exp_min=1&exp_max=1&recruitSort=relation&recruitPageCount=345786380,경영지원 신입/경력 정규직 채용 (블록체인 스타트업),서울서초구,관리회계기업회계세무회계자산관리재무회계
https://www.saramin.co.kr/zf_user/search/recruit?=&searchword=blockchain&exp_min=1&exp_max=1&recruitSort=relation&recruitPageCount=345970856,블록체인 플랫폼 기획 및 글로벌 마케팅 기획,서울강남구,마케팅기획기획리서치큐레이터블록체인플랫폼기획
https://www.saramin.co.kr/zf_user/search/recruit?=&searchword=blockchain&exp_min=1&exp_max=1&recruitSort=relation&recruitPageCount=345920182,[부산근무]블록체인 기획·전략 정규직 모집합니다(경력무관),부산남구,사업기획앱기획전략기획사업제휴신사업기획
https://www.saramin.co.kr/zf_user/search/recruit?=&searchword=blockchain&exp_min=1&exp_max=1&recruitSort=relation&recruitPageCount=345941622,블록체인 서비스 사무보조 (정규직 채용),경기성남시 수정구,사무직컴플라이언스문서작성사무보조사무행정
https://www.saramin.co.kr/zf_user/search/recruit?=&searchword=blockchain&exp_min=1&exp_max=1&recruitSort=relation&recruitPageCount=345629085,[빗썸] 블록체인 개발 (5년 이상),서울강남구,백엔드/서버개발웹개발프론트엔드블록체인ECMAScript
