Link,Company,Title,Location,Sector
https://www.saramin.co.kr/zf_user/jobs/relay/view?isMypage=no&rec_idx=45860226,(주)이그니스,[이그니스] 랩노쉬 2023년 공개채용,서울성동구,식품·푸드CFACFOIR/공시관리회계
https://www.saramin.co.kr/zf_user/jobs/relay/view?isMypage=no&rec_idx=45826404,(주)엔켐,2023년 6월 국내 및 해외 전부문 수시 채용,충남천안시 동남구,방화벽DLPERPH/WS/W
https://www.saramin.co.kr/zf_user/jobs/relay/view?isMypage=no&rec_idx=45445805,(주)비보존제약,부문별 신입/경력 공개채용,경기화성시,의약·제약바이오데이터분석가데이터엔지니어유지보수
https://www.saramin.co.kr/zf_user/jobs/relay/view?isMypage=no&rec_idx=45961824,(주)하이로닉,"[코스닥/판교,용인] 하이로닉 각 분야 인재 모집 (신입/경력)",경기용인시 수지구,주방용품임베디드H/WS/WAWS
https://www.saramin.co.kr/zf_user/jobs/relay/view?isMypage=no&rec_idx=45874856,(주)트랜드아이,[W.DRESSROOM] 2023년 하반기 채용공고,서울성동구,화장품뷰티영업관리영업직영업MD
https://www.saramin.co.kr/zf_user/jobs/relay/view?isMypage=no&rec_idx=45927800,(주)아비에무아,2023년 팀 아비에무아 인재 채용,서울마포구,패션샵마스터기획MD주얼리디자인가방
https://www.saramin.co.kr/zf_user/jobs/relay/view?isMypage=no&rec_idx=45907049,덕우전자(주),2023년 각 부문 신입 및 경력 채용,경북구미시,제조업 회사본사총무법정의무교육인사교육인사기획
https://www.saramin.co.kr/zf_user/jobs/relay/view?isMypage=no&rec_idx=45957952,메디컬아이피(주),[서울대병원 1호 스타트업] 2023 하반기 대규모 인재채용,서울종로구,데이터분석가데이터엔지니어백엔드/서버개발프론트엔드QA/테스터
https://www.saramin.co.kr/zf_user/jobs/relay/view?isMypage=no&rec_idx=45934685,(주)노랑풍선,2023 ㈜노랑풍선 하반기 채용연계형 인턴 모집,서울중구,여행사채용담당자급여(Payroll)면접/인터뷰인사교육
https://www.saramin.co.kr/zf_user/jobs/relay/view?isMypage=no&rec_idx=45968762,신양금속공업(주),신양금속공업㈜ SY EV solutions 각 부문 신입/경력사원 채용,경기안산시 단원구,기타제조업제조업 회사본사전산회계IR/공시더존
https://www.saramin.co.kr/zf_user/jobs/relay/view?isMypage=no&rec_idx=45619294,(주)알티스트,"2023 신입/경력사원 모집-서울:영업,영업관리,웹디자이너,회계,SCM,구매/남양주:생산관리,사무/미국:생산직",서울영등포구,식음료식품가공경리경리사무원전산회계
https://www.saramin.co.kr/zf_user/jobs/relay/view?isMypage=no&rec_idx=45847983,(주)디알텍,2023년 신입 및 경력 채용,경기성남시 분당구,기타제조업유지보수퍼블리셔SE(시스템엔지니어)머신러닝
https://www.saramin.co.kr/zf_user/jobs/relay/view?isMypage=no&rec_idx=45682411,(주)덕산테코피아,2023년 상반기 각 사업부별 우수인재 모집 공고,충남천안시 동남구,화학전산회계관리회계기업회계법인결산
https://www.saramin.co.kr/zf_user/jobs/relay/view?isMypage=no&rec_idx=45968901,루이비통코리아(유),2023 LOUIS VUITTON 신입 및 경력 채용,서울강남구,섬유의류·의상패션SAP사이트관리
https://www.saramin.co.kr/zf_user/jobs/relay/view?isMypage=no&rec_idx=45920121,(주)이녹스첨단소재,㈜이녹스첨단소재 2023년 하반기 채용,경기성남시 분당구,전기전자석유화학화학에너지
https://www.saramin.co.kr/zf_user/jobs/relay/view?isMypage=no&rec_idx=45693144,(주)비올,2023년 각 부문 신입/경력 상시 채용,경기성남시 분당구,의료기기경리전산회계IR/공시더존
https://www.saramin.co.kr/zf_user/jobs/relay/view?isMypage=no&rec_idx=45869696,아이헤이트플라잉버그스(주),[에듀테크]밀당PT 교육부문 대규모 채용 (신입 우대),서울영등포구,인터넷교육사무직총무교육행정문서작성
https://www.saramin.co.kr/zf_user/jobs/relay/view?isMypage=no&rec_idx=45822152,캐논코리아 주식회사,캐논코리아 각 부문 채용 (본사/지사),서울강남구,기타제조업데이터엔지니어백엔드/서버개발보안컨설팅앱개발
https://www.saramin.co.kr/zf_user/jobs/relay/view?isMypage=no&rec_idx=45717196,(주)하나기술,㈜하나기술 2023년 상반기 각 부문별 직원 채용 공고,경기용인시,기계기계설비기계설계정보보안SE(시스템엔지니어)
https://www.saramin.co.kr/zf_user/jobs/relay/view?isMypage=no&rec_idx=45969051,(주)유엔에이엔지니어링,(SK계열사) 상반기 신입 및 경력직원 채용공고,경기군포시,SI·시스템통합ERP시스템관리솔루션업체소프트웨어개발
https://www.saramin.co.kr/zf_user/jobs/relay/view?isMypage=no&rec_idx=45877597,(주)에이에스피엔,"AI(인공지능), Python, 머신러닝 정규직 모집합니다 - 경력&신입",서울서초구,머신러닝AI(인공지능)C++SAP
https://www.saramin.co.kr/zf_user/jobs/relay/view?isMypage=no&rec_idx=45891947,(주)트롤스,"백엔드,Python,Spring Boot 경력직 채용",서울중구,백엔드/서버개발SpringBootSpringSI·시스템통합
https://www.saramin.co.kr/zf_user/jobs/relay/view?isMypage=no&rec_idx=45816502,(주)아이와즈,[AI] Python JAVA 머신러닝 개발자 모집,대전유성구,데이터라벨링데이터마이닝데이터시각화딥러닝
https://www.saramin.co.kr/zf_user/jobs/relay/view?isMypage=no&rec_idx=45594893,(주)넥슨,[인텔리전스랩스] 플랫폼쉴드팀 백엔드 개발자 (Python/Go),경기성남시 분당구,백엔드/서버개발머신러닝인프라클라우드
https://www.saramin.co.kr/zf_user/jobs/relay/view?isMypage=no&rec_idx=45802034,(주)넥슨,[인텔리전스랩스] 부스트파트 백엔드 개발자(Python/OpenSearch),경기성남시 분당구,SE(시스템엔지니어)클라우드AWSAzure
https://www.saramin.co.kr/zf_user/jobs/relay/view?isMypage=no&rec_idx=45755495,(주)니트머스,"[신입/경력/부분재택] 온라인 광고 플랫폼 개발 (Python, PHP)",서울중구,백엔드/서버개발웹개발S/WDjango
https://www.saramin.co.kr/zf_user/jobs/relay/view?isMypage=no&rec_idx=45825027,행복쇼핑(주),REACT · PHP · PYTHON 개발자 채용,서울영등포구,백엔드/서버개발앱개발웹개발퍼블리셔
https://www.saramin.co.kr/zf_user/jobs/relay/view?isMypage=no&rec_idx=45941524,솔닥(주),"백엔드/서버 개발자 (Django, Python)",서울강남구,백엔드/서버개발웹개발Django솔루션
https://www.saramin.co.kr/zf_user/jobs/relay/view?isMypage=no&rec_idx=45890587,(주)가치소프트,"프로그래머 채용(C++,Python,C#)[대전,세종]",대전유성구,알고리즘영상처리이미지프로세싱.NET
https://www.saramin.co.kr/zf_user/jobs/relay/view?isMypage=no&rec_idx=45792943,(주)파워넥스,IT개발·데이터(Python/Linux) 채용,서울영등포구,Linux소프트웨어개발
https://www.saramin.co.kr/zf_user/jobs/relay/view?isMypage=no&rec_idx=45880897,(주)에스아이알소프트,"Python/PHP 개발자, 디자이너, 퍼블리셔, 기획자 신입/경력",서울강남구,백엔드/서버개발앱개발웹개발퍼블리셔
https://www.saramin.co.kr/zf_user/jobs/relay/view?isMypage=no&rec_idx=45705271,(주)몽태랑인터내셔날,응용 소프트웨어 개발자(PYTHON) 경력직 채용,경기하남시,웹개발파워빌더C++C언어
https://www.saramin.co.kr/zf_user/jobs/relay/view?isMypage=no&rec_idx=45981773,(주)샐러드랩,이커머스 솔루션 Python Backend 개발자,서울강남구,백엔드/서버개발웹개발프론트엔드SE(시스템엔지니어)
https://www.saramin.co.kr/zf_user/jobs/relay/view?isMypage=no&rec_idx=45836496,(주)그루넷,빅데이터/DataAnalysis/Python/JAVA/SAS 인재 채용,서울강남구,데이터분석가빅데이터클라우드Java
https://www.saramin.co.kr/zf_user/jobs/relay/view?isMypage=no&rec_idx=45952460,(주)플레토로보틱스,2023년 상반기 Python개발자 신입/경력직 모집,대전유성구,백엔드/서버개발앱개발웹개발웹마스터
https://www.saramin.co.kr/zf_user/jobs/relay/view?isMypage=no&rec_idx=45823710,엔트로링크(주),"백엔드 서버개발자 정규직 채용 ( MySQL , C언어 , Python )",서울송파구,백엔드/서버개발C언어MySQLIT·통신기기판매
https://www.saramin.co.kr/zf_user/jobs/relay/view?isMypage=no&rec_idx=43770422,콘센트릭스서비스코리아(유),[글로벌디지털마케팅] Python Backend Engineer 모집,서울전체,백엔드/서버개발웹개발프론트엔드Django
https://www.saramin.co.kr/zf_user/jobs/relay/view?isMypage=no&rec_idx=45971432,한림대학교산학협력단,2023년 상반기 딥러닝/머신러닝/연구원/Python外 모집 공고,서울영등포구,딥러닝머신러닝빅데이터AI(인공지능)
https://www.saramin.co.kr/zf_user/jobs/relay/view?isMypage=no&rec_idx=42358916,(주)페이타랩,"[패스오더] 백엔드 개발자 (Spring, Python, MSA) (병역특례/산업기능요원/보충역/전직)",서울강남구,백엔드/서버개발웹개발DBASE(시스템엔지니어)
https://www.saramin.co.kr/zf_user/jobs/relay/view?isMypage=no&rec_idx=45963028,㈜호디,"웹프로그래머(JAVA/Spring, Vue, Angular, php, python)등",서울강서구,웹개발JavaJavascriptjQuery
https://www.saramin.co.kr/zf_user/jobs/relay/view?isMypage=no&rec_idx=45899602,(주)더모우스트,"Python&딥러닝&머신러닝 외 정규직 채용합니다(신입, 경력)",경기안양시 동안구,딥러닝머신러닝빅데이터AI(인공지능)
https://www.saramin.co.kr/zf_user/jobs/relay/view?isMypage=no&rec_idx=45908648,위즈온텍,[정규직] 2023년 하반기 Java/Python 신입 개발자를 모집합니다.,서울중구,JavaSI·시스템통합DWDataMining
https://www.saramin.co.kr/zf_user/jobs/relay/view?isMypage=no&rec_idx=45647490,(주)메디인테크,"[전문연구요원 가능] C/C++, Python 로봇 제어 개발자",서울종로구,S/WC++C언어제약/바이오
https://www.saramin.co.kr/zf_user/jobs/relay/view?isMypage=no&rec_idx=45980492,(주)유진로봇,개발본부 Python 개발자,인천연수구,백엔드/서버개발웹개발네트워크데이터마이닝
https://www.saramin.co.kr/zf_user/jobs/relay/view?isMypage=no&rec_idx=45662486,메가스터디 IT 컴퓨터학원,"대학생 대상 기초프로그래밍(C,JAVA,Python) 특강 강사 모집",서울강남구,백엔드/서버개발웹개발딥러닝머신러닝
https://www.saramin.co.kr/zf_user/jobs/relay/view?isMypage=no&rec_idx=45594923,(주)넥슨,[인텔리전스랩스] 탐지응용팀 백엔드 개발자 (Python/Go),경기성남시 분당구,백엔드/서버개발네트워크머신러닝인프라
https://www.saramin.co.kr/zf_user/jobs/relay/view?isMypage=no&rec_idx=45991239,(주)크레드잇,[크레드잇] 백엔드Backend 개발자를 모십니다 (Django/Python),서울영등포구,백엔드/서버개발APIAWSDjango
https://www.saramin.co.kr/zf_user/jobs/relay/view?isMypage=no&rec_idx=45664215,(주)인라이플,[주4.5일] Python 개발직무 경력 채용,서울구로구,백엔드/서버개발데이터마이닝딥러닝머신러닝
https://www.saramin.co.kr/zf_user/jobs/relay/view?isMypage=no&rec_idx=43750042,(주)바이오커넥트,"(주)바이오커넥트 - [신입 및 경력] 영상처리 알고리즘 개발(Python,딥러닝)",서울전체,데이터분석가딥러닝머신러닝블록체인
https://www.saramin.co.kr/zf_user/jobs/relay/view?isMypage=no&rec_idx=45794191,(주)아이렘기술개발,파이썬(Python) 개발자 신입/경력 모집,부산기장군,연구원R&D기술연구딥러닝
https://www.saramin.co.kr/zf_user/jobs/relay/view?isMypage=no&rec_idx=45565606,(주)데이터비,백엔드 엔지니어 (Python),서울마포구,백엔드/서버개발웹개발프론트엔드SE(시스템엔지니어)
https://www.saramin.co.kr/zf_user/jobs/relay/view?isMypage=no&rec_idx=45595303,(주)넥슨,[인텔리전스랩스] MLOps팀 백엔드 개발자 (Python/Go),경기성남시 분당구,백엔드/서버개발네트워크머신러닝알고리즘
https://www.saramin.co.kr/zf_user/jobs/relay/view?isMypage=no&rec_idx=45874828,(주)디에스솔루션즈,"Python, .Net, C# 개발자 모집",서울서초구,.NETASP.NETC#MSSQL
https://www.saramin.co.kr/zf_user/jobs/relay/view?isMypage=no&rec_idx=45968492,로지시스템(주),"기술연구소 개발자 채용(python, java 외)",경기성남시 분당구,머신러닝HTML5JavaJavascript
https://www.saramin.co.kr/zf_user/jobs/relay/view?isMypage=no&rec_idx=45716678,(주)바이오커넥트,(주)바이오커넥트 - 영상처리 알고리즘 개발(Python 및 딥러닝),서울서초구,딥러닝OpenCV알고리즘영상처리
https://www.saramin.co.kr/zf_user/jobs/relay/view?isMypage=no&rec_idx=45865684,(주)올라핀테크,[운영개선팀] Python(파이썬) 개발자,서울강남구,백엔드/서버개발웹개발퍼블리셔프론트엔드
https://www.saramin.co.kr/zf_user/jobs/relay/view?isMypage=no&rec_idx=45941920,(주)플란랩스,"데이터분석팀원 (SQL,R,PYTHON 3년-5년) 채용",서울강남구,RSQL데이터분석KPI관리
https://www.saramin.co.kr/zf_user/jobs/relay/view?isMypage=no&rec_idx=45698409,(주)와이비에스,빅데이터 및 인공지능(Python) 분석가 채용,경기성남시 분당구,데이터분석가빅데이터사업제휴소프트웨어개발
https://www.saramin.co.kr/zf_user/jobs/relay/view?isMypage=no&rec_idx=45934136,브랜드미,[AI번역 서비스] 백엔드 개발자-Python,서울서초구,백엔드/서버개발DockerKubernetes클라우드
https://www.saramin.co.kr/zf_user/jobs/relay/view?isMypage=no&rec_idx=45893370,(주)더블유에이아이,"머신러닝&인공지능(AI)&Python 外 정규직, 인턴 채용 연장",서울영등포구,데이터분석가머신러닝빅데이터AI(인공지능)
https://www.saramin.co.kr/zf_user/jobs/relay/view?isMypage=no&rec_idx=41414828,(주)피플펀드컴퍼니,백엔드 엔지니어 (Python),서울전체,백엔드/서버개발웹개발DBADjango
https://www.saramin.co.kr/zf_user/jobs/relay/view?isMypage=no&rec_idx=45847487,(주)캐처스,Python 개발,서울강남구,백엔드/서버개발웹개발프론트엔드DBA
https://www.saramin.co.kr/zf_user/jobs/relay/view?isMypage=no&rec_idx=45822957,식스티헤르츠(주),Python(파이썬) Backend(3년 이상),서울서초구,백엔드/서버개발웹개발프론트엔드SE(시스템엔지니어)
https://www.saramin.co.kr/zf_user/jobs/relay/view?isMypage=no&rec_idx=45805541,(주)그루크리에이티브랩,(인천 송도) 인공지능(AI) 분야 Python 개발 인력 구인,인천연수구,딥러닝머신러닝신경망알고리즘
https://www.saramin.co.kr/zf_user/jobs/relay/view?isMypage=no&rec_idx=45822827,식스티헤르츠(주),[Python] 백엔드 개발자(3년 이상),서울서초구,데이터분석가데이터엔지니어백엔드/서버개발앱개발
https://www.saramin.co.kr/zf_user/jobs/relay/view?isMypage=no&rec_idx=44187454,(주)아이티존,"[아이티존]Python/Java-빅데이터솔루션개발(경력,정규직,대전)",대전전체,데이터분석가데이터엔지니어웹개발SE(시스템엔지니어)
https://www.saramin.co.kr/zf_user/jobs/relay/view?isMypage=no&rec_idx=45928328,(주)에잇핀,"2023 하반기 .NET, MES, 생산자동화, C#, JAVA, Flutter, Python",경기성남시 분당구,솔루션IoTAI(인공지능).NET
https://www.saramin.co.kr/zf_user/jobs/relay/view?isMypage=no&rec_idx=41068534,(주)페이타랩,"[패스오더] 백엔드 개발자(Spring, Python, MSA)",서울강남구,백엔드/서버개발웹개발SE(시스템엔지니어)인프라
https://www.saramin.co.kr/zf_user/jobs/relay/view?isMypage=no&rec_idx=45888602,누리꿈소프트(주),Python 개발 경력 채용합니다 - 계약직/프리랜서,서울영등포구,SI·시스템통합
https://www.saramin.co.kr/zf_user/jobs/relay/view?isMypage=no&rec_idx=45990007,안진회계법인,[안진회계법인] 공공기관 스크래핑 담당자 (Java/Python),서울영등포구,백엔드/서버개발웹개발Java회계법인
https://www.saramin.co.kr/zf_user/jobs/relay/view?isMypage=no&rec_idx=43919131,"(주)브레이브모바일(숨고, Soomgo)",Sr. Back-end Engineer (Python),서울강남구,백엔드/서버개발웹개발DBASE(시스템엔지니어)
https://www.saramin.co.kr/zf_user/jobs/relay/view?isMypage=no&rec_idx=45847983,(주)디알텍,2023년 신입 및 경력 채용,경기성남시 분당구,유지보수퍼블리셔SE(시스템엔지니어)머신러닝
https://www.saramin.co.kr/zf_user/jobs/relay/view?isMypage=no&rec_idx=45950786,(주)스카우트플랜,"메디컬 인공지능 연구(Junior/의료영상/C, Python, Java)",서울강남구,딥러닝영상처리AI(인공지능)C#
https://www.saramin.co.kr/zf_user/jobs/relay/view?isMypage=no&rec_idx=45925797,주식회사 아군,백엔드(Python) 개발 경력직 모집,서울서초구,백엔드/서버개발웹개발GitPostgreSQL
https://www.saramin.co.kr/zf_user/jobs/relay/view?isMypage=no&rec_idx=44768051,(주)페이히어,[경력] 서버 엔지니어 (Python),서울강남구,백엔드/서버개발웹개발프론트엔드Django
https://www.saramin.co.kr/zf_user/jobs/relay/view?isMypage=no&rec_idx=45655657,(주)더블엑스소프트,크립토택스팀에서 Python 개발자를 찾고 있어요,서울강남구,블록체인알고리즘APIAWS
https://www.saramin.co.kr/zf_user/jobs/relay/view?isMypage=no&rec_idx=45976604,(주)헬로서치,Python 웹 개발자 채용,서울강남구,DockerJavaPytorchScala
https://www.saramin.co.kr/zf_user/jobs/relay/view?isMypage=no&rec_idx=45924358,다이브(주),파이썬 백엔드 / 머신러닝 개발자 채용,서울강남구,백엔드/서버개발머신러닝S/W솔루션업체
https://www.saramin.co.kr/zf_user/jobs/relay/view?isMypage=no&rec_idx=45921477,(주)에이치알비즈코리아,"AI 개발부문 (Python, C++) 3년이상",서울강남구,딥러닝AI(인공지능)PytorchTensorflow
https://www.saramin.co.kr/zf_user/jobs/relay/view?isMypage=no&rec_idx=45950778,(주)스카우트플랜,"AI 기반 의료영상 분석 SW 개발업무(Windows 기반/Java, Python)",서울강남구,영상처리AI(인공지능)WindowsC#
https://www.saramin.co.kr/zf_user/jobs/relay/view?isMypage=no&rec_idx=45606570,(주)마스팜,AI-SaaS플랫폼 웹솔루션 자바 재배로직/파이썬 AI모델링 개발자,서울구로구,백엔드/서버개발웹개발딥러닝머신러닝
https://www.saramin.co.kr/zf_user/jobs/relay/view?isMypage=no&rec_idx=44846739,이에이트(주),"해석엔진개발 (C++, Python, MATLAB, CUDA)",서울전체,S/WC++C언어Matlab
https://www.saramin.co.kr/zf_user/jobs/relay/view?isMypage=no&rec_idx=45734308,(주)제트플로우,"R&D 개발 신입 모집합니다(정규직, python, node.js)",서울중구,백엔드/서버개발머신러닝메타버스풀스택
https://www.saramin.co.kr/zf_user/jobs/relay/view?isMypage=no&rec_idx=45981414,(주)에이치알비즈코리아,"데이터분석/Python, R, Tableau 활용 능력/세계적인 게임사/판교",경기성남시 분당구,게임개발데이터시각화머신러닝빅데이터
https://www.saramin.co.kr/zf_user/jobs/relay/view?isMypage=no&rec_idx=45950811,(주)스카우트플랜,"메디컬 영상 인공지능 엔지니어(시니어/ 딥러닝, Python)",서울강남구,딥러닝영상처리AI(인공지능)모델링
https://www.saramin.co.kr/zf_user/jobs/relay/view?isMypage=no&rec_idx=45905173,트래블라이(주),Python 정규직 채용(경력),서울성동구,웹개발SI·시스템통합솔루션업체소프트웨어개발
https://www.saramin.co.kr/zf_user/jobs/relay/view?isMypage=no&rec_idx=45150066,티에스엔랩(주),Python/DevOps 개발자 채용,경기전체,SE(시스템엔지니어)인프라DevOpsLinux
https://www.saramin.co.kr/zf_user/jobs/relay/view?isMypage=no&rec_idx=45931103,리걸테크(주),"웹개발자(Python, DJango)",서울성동구,백엔드/서버개발웹개발블록체인Django
https://www.saramin.co.kr/zf_user/jobs/relay/view?isMypage=no&rec_idx=45871555,주식회사 두나미스아트테크놀로지스,"플랫폼개발(Python, Java) 경력직(3년이상) 채용",서울강남구,백엔드/서버개발웹개발RDBMSAWS
https://www.saramin.co.kr/zf_user/jobs/relay/view?isMypage=no&rec_idx=45813434,(주)라온퓨쳐,백엔드 개발자 (Python/FastAPI Flask),서울강남구,백엔드/서버개발유지보수블록체인인프라
https://www.saramin.co.kr/zf_user/jobs/relay/view?isMypage=no&rec_idx=45795837,화랑,Vision/MFC/C# Python Tensorflow CUDA yolo v5 개발직,충남천안시 동남구,S/WC#VisualC·C++C++
https://www.saramin.co.kr/zf_user/jobs/relay/view?isMypage=no&rec_idx=45825034,(주)한길,Python 웹개발 채용 공고(신입/경력),대전중구,웹개발MySQL소프트웨어개발
https://www.saramin.co.kr/zf_user/jobs/relay/view?isMypage=no&rec_idx=45993679,(주)제이투이,"[JAVA SM 을지로] 캠페인시스템 유지보수, Python 우대 (1)",서울중구,JavajQueryJSPSpring
https://www.saramin.co.kr/zf_user/jobs/relay/view?isMypage=no&rec_idx=45208631,(주)에이젠글로벌,[에이젠글로벌] Python Backend Engineer 직군 모집,서울전체,백엔드/서버개발웹개발프론트엔드DBA
https://www.saramin.co.kr/zf_user/jobs/relay/view?isMypage=no&rec_idx=45814866,(주)더베터,동탄 Python 영상인식/수치해석 AI 개발자 모집,경기화성시,딥러닝빅데이터OpenCVPytorch
https://www.saramin.co.kr/zf_user/jobs/relay/view?isMypage=no&rec_idx=45834279,(주)투블럭에이아이,파이썬 백엔드 개발자 채용,서울서초구,백엔드/서버개발유지보수APIDjangoFlask
https://www.saramin.co.kr/zf_user/jobs/relay/view?isMypage=no&rec_idx=45670071,에이비아이(주),"응용 SW 개발 (C#, C, C++, 파이썬)",인천연수구,R&D자동제어Firmware
https://www.saramin.co.kr/zf_user/jobs/relay/view?isMypage=no&rec_idx=45597700,티에스엔랩(주),Python/DevOps 개발자 채용 (재택근무),경기용인시 기흥구,DevOps네트워크펌웨어MLOps
https://www.saramin.co.kr/zf_user/jobs/relay/view?isMypage=no&rec_idx=45910085,현대엘리베이터(주),HYUNDAI ELEVATOR 2023년 2분기 경력/신입 수시채용,충북충주시,웹개발유지보수웹표준·웹접근성정보통신
https://www.saramin.co.kr/zf_user/jobs/relay/view?isMypage=no&rec_idx=45622473,(주)키네틱스,파이썬 개발자 모집,대전유성구,WindowsPytorch솔루션자율주행
https://www.saramin.co.kr/zf_user/jobs/relay/view?isMypage=no&rec_idx=45974141,(주)시니어앤파트너즈,[하남풍산역] 이커머스회사 파이썬 개발(PM),경기하남시,PM(프로젝트매니저)머신러닝모델링RPA
https://www.saramin.co.kr/zf_user/jobs/relay/view?isMypage=no&rec_idx=45750623,(주)애나,[인천송도] 파이썬 기반 인공지능 개발 연구원 채용,인천연수구,딥러닝빅데이터신경망AI(인공지능)
https://www.saramin.co.kr/zf_user/jobs/relay/view?isMypage=no&rec_idx=45179740,올거나이즈코리아(주),파이썬 백엔드 엔지니어,서울전체,백엔드/서버개발웹개발DBASE(시스템엔지니어)
https://www.saramin.co.kr/zf_user/jobs/relay/view?isMypage=no&rec_idx=45926088,(주)라온디자인콘텐츠학원,파이썬기초 주말 강사님 모집-이젠아카데미컴퓨터학원,서울송파구,IT강사컴퓨터교육기능학원패션·디자인학원자격증학원
https://www.saramin.co.kr/zf_user/jobs/relay/view?isMypage=no&rec_idx=45821236,소프트랩스,파이썬 개발자 경력사원 모집 - 정규직&계약직,서울금천구,DjangoFlaskMySQL유지보수
https://www.saramin.co.kr/zf_user/jobs/relay/view?isMypage=no&rec_idx=45721535,대성,개발자 모집 ( 딥러닝 YOLO-v3 파이썬 가능자 우대 ),전북전주시 덕진구,딥러닝미들웨어알고리즘임베디드
https://www.saramin.co.kr/zf_user/jobs/relay/view?isMypage=no&rec_idx=45979096,지스펙(주),(전액무료)빅데이터 융합 자바&파이썬 인공지능(AI) 풀스택 개발자 취업연계과정,서울구로구,데이터분석가백엔드/서버개발앱개발웹개발
https://www.saramin.co.kr/zf_user/jobs/relay/view?isMypage=no&rec_idx=41895007,(주)펫박스,Python 백엔드 개발자,서울전체,백엔드/서버개발웹개발프론트엔드DBA
https://www.saramin.co.kr/zf_user/jobs/relay/view?isMypage=no&rec_idx=45971773,(주)클라모스,[정규직/NLP(자연어처리)/딥러닝/파이선/면접비지급],서울구로구,백엔드/서버개발딥러닝머신러닝빅데이터
https://www.saramin.co.kr/zf_user/jobs/relay/view?isMypage=no&rec_idx=45811426,(주)데이터앤솔루션,[경력] 파이썬 개발자 정직원 모집(솔루션본부),서울서초구,SQL데이터소프트웨어개발
https://www.saramin.co.kr/zf_user/jobs/relay/view?isMypage=no&rec_idx=45950020,(주)핸디비전,"머신비전 개발자 , C/C++/C#, OpenCV, MIL, PYTHON",경기용인시 기흥구,머신러닝빅데이터S/WAI(인공지능)
https://www.saramin.co.kr/zf_user/jobs/relay/view?isMypage=no&rec_idx=45737623,이젠컴퓨터아카데미수원,"빅데이터(웹,자바,파이썬,스프링,DB) 강사님 모십니다",경기수원시 팔달구,IT강사직업훈련컴퓨터교육코딩기능학원
https://www.saramin.co.kr/zf_user/jobs/relay/view?isMypage=no&rec_idx=45818624,(주)상상할수없는,파이썬 개발자 인력 채용,서울영등포구,딥러닝알고리즘컴퓨터비전Django
https://www.saramin.co.kr/zf_user/jobs/relay/view?isMypage=no&rec_idx=45617445,위메(주),"[경력무관] 소프트웨어 개발자(C++ 또는 C#, Python) 모집",대전유성구,머신러닝C#C++소프트웨어개발
https://www.saramin.co.kr/zf_user/jobs/relay/view?isMypage=no&rec_idx=45932412,한국조폐공사,2023년도 한국조폐공사 신입직원(채용형인턴) 채용,대전유성구,웹개발모의해킹블록체인인프라
https://www.saramin.co.kr/zf_user/jobs/relay/view?isMypage=no&rec_idx=45953430,(주)하이미디어컴퓨터학원,"자바, 파이썬 등 개발자 과정 강의가능한 전문강사를 채용합니다",경기성남시 중원구,IT강사IT학원
https://www.saramin.co.kr/zf_user/jobs/relay/view?isMypage=no&rec_idx=45973833,헬리오센(주),헬리오센(주) Python 응용S/W 개발자 경력 채용,경기성남시 분당구,백엔드/서버개발프론트엔드C#C++
https://www.saramin.co.kr/zf_user/jobs/relay/view?isMypage=no&rec_idx=45958015,㈜벤처피플,이미지 서비스 플랫폼 Python 웹 개발자,서울강남구,백엔드/서버개발유지보수NginxFlask
https://www.saramin.co.kr/zf_user/jobs/relay/view?isMypage=no&rec_idx=45823953,(주)아이에스엔티,C# /C++/파이선 프로그램 사용가능자 모집,경기부천시,C#C++기계메카트로닉스
https://www.saramin.co.kr/zf_user/jobs/relay/view?isMypage=no&rec_idx=45923050,신플렛(주),파이썬(딥러닝) 개발자 모집 [신입],경기용인시 수지구,딥러닝머신러닝AI(인공지능)Pytorch
https://www.saramin.co.kr/zf_user/jobs/relay/view?isMypage=no&rec_idx=45909256,(주)클로봇,로봇 필드 엔지니어 채용 (신입 & 경력),경기성남시 분당구,자율주행S/WC++클라우드
https://www.saramin.co.kr/zf_user/jobs/relay/view?isMypage=no&rec_idx=45956409,한화정밀기계(주),디지털 플랫폼 백엔드 엔지니어 경력직 채용 (계약직),경기성남시 분당구,백엔드/서버개발클라우드NginxAWS
https://www.saramin.co.kr/zf_user/jobs/relay/view?isMypage=no&rec_idx=45603487,(주)마이크로인피니티,[대전] 응용SW 개발자 모집,대전유성구,데이터분석가백엔드/서버개발앱개발SI개발
https://www.saramin.co.kr/zf_user/jobs/relay/view?isMypage=no&rec_idx=45933250,(주)플래티어,코스닥 상장사 ㈜플래티어 그루비사업부 데이터분석가 채용,서울송파구,데이터분석가빅데이터AWSGit
https://www.saramin.co.kr/zf_user/jobs/relay/view?isMypage=no&rec_idx=45711957,㈜더아이엠씨,대구본부 텍스톰 개발자 채용(신입/경력/전문연구요원),대구수성구,백엔드/서버개발웹개발유지보수빅데이터
https://www.saramin.co.kr/zf_user/jobs/relay/view?isMypage=no&rec_idx=45593502,씨앤토트㈜,Microsoft Azure Cloud 엔지니어 모집 (신입/경력),서울서초구,기술지원유지보수IT컨설팅SE(시스템엔지니어)
https://www.saramin.co.kr/zf_user/jobs/relay/view?isMypage=no&rec_idx=45958428,(주)비즈테크아이,"[LG그룹]DW 데이터엔지니어, SAP BW, SAP SAC 경력 채용",서울마포구,데이터엔지니어빅데이터DWETL
https://www.saramin.co.kr/zf_user/jobs/relay/view?isMypage=no&rec_idx=45777408,(주)에스아이아이에스,위성영상 운영·관리·연구 外 정규직 모집,제주제주시,기술지원유지보수네트워크R&D
https://www.saramin.co.kr/zf_user/jobs/relay/view?isMypage=no&rec_idx=45664179,(주)뉴로메카,[뉴로메카] 선행 기술 그룹 인력 채용,서울성동구,프론트엔드Unity로봇엔지니어연구원
https://www.saramin.co.kr/zf_user/jobs/relay/view?isMypage=no&rec_idx=45815214,(주)큐브리드,DBMS 연구 개발자 모집,서울강남구,SE(시스템엔지니어)DBMSRDBMSS/W
https://www.saramin.co.kr/zf_user/jobs/relay/view?isMypage=no&rec_idx=45981920,(주)유비케어,데이터플랫폼개발 경력 채용,서울전체,웹개발프론트엔드SE(시스템엔지니어)인프라
https://www.saramin.co.kr/zf_user/jobs/relay/view?isMypage=no&rec_idx=45612019,(주)제이엘케이,[병역특례] 인공지능연구원 (전문연구요원),서울강남구,백엔드/서버개발웹개발프론트엔드머신러닝
https://www.saramin.co.kr/zf_user/jobs/relay/view?isMypage=no&rec_idx=45821264,(주)마이크로인피니티,[수원/판교] 응용SW / 미들웨어 개발자 모집,경기수원시 영통구,데이터분석가백엔드/서버개발앱개발SI개발
https://www.saramin.co.kr/zf_user/jobs/relay/view?isMypage=no&rec_idx=45874519,(주)씽크풀,백엔드/서버개발/Java 응용프로그램 개발(경력자) 채용,서울영등포구,백엔드/서버개발DBMSGitJava
https://www.saramin.co.kr/zf_user/jobs/relay/view?isMypage=no&rec_idx=45852170,(주)인텔리코드,[인텔리코드] AWS 인프라 구축 및 운영자 모집,경기수원시 영통구,데이터엔지니어유지보수SE(시스템엔지니어)네트워크
https://www.saramin.co.kr/zf_user/jobs/relay/view?isMypage=no&rec_idx=45935542,(주)웨인테크놀로지,[신입/경력] 핀테크 웹 개발자 모집,경기과천시,백엔드/서버개발웹개발ASPC++
https://www.saramin.co.kr/zf_user/jobs/relay/view?isMypage=no&rec_idx=45909460,(주)브이씨,[코스닥상장사] (주)브이씨 시스템개발자 채용,서울강남구,CSSHTMLJavascript유지보수
https://www.saramin.co.kr/zf_user/jobs/relay/view?isMypage=no&rec_idx=45946349,(주)제이펀,백엔드 소프트웨어 엔지니어 경력 채용,서울금천구,데이터분석가데이터엔지니어백엔드/서버개발빅데이터
https://www.saramin.co.kr/zf_user/jobs/relay/view?isMypage=no&rec_idx=45920073,지인시스템,[채용] S/W 개발자 채용 (신입 및 경력),서울송파구,S/W빅데이터GISC#
https://www.saramin.co.kr/zf_user/jobs/relay/view?isMypage=no&rec_idx=45670234,(주)콩스튜디오코리아,IT Infra팀 인프라 엔지니어 모집 (경력 5년 이상),서울강남구,네트워크인프라클라우드IaaS
https://www.saramin.co.kr/zf_user/jobs/relay/view?isMypage=no&rec_idx=45778629,(주)인피닉,[수원] 전장 SW 테스트엔지니어 모집(QA/검증),경기전체,QA/테스터C언어유지보수임베디드
https://www.saramin.co.kr/zf_user/jobs/relay/view?isMypage=no&rec_idx=45946479,(주)제이펀,크롤링 / 백엔드 소프트웨어 엔지니어 경력 채용,서울금천구,데이터분석가데이터엔지니어백엔드/서버개발빅데이터
https://www.saramin.co.kr/zf_user/jobs/relay/view?isMypage=no&rec_idx=45669367,(주)클로봇,[물류] 로봇 프로그램 개발자,경기전체,웹개발S/WC#C++
https://www.saramin.co.kr/zf_user/jobs/relay/view?isMypage=no&rec_idx=45985138,(주)올라핀테크,각 부문별 경력자 채용 (정규직),서울강남구,백엔드/서버개발앱개발웹개발유지보수
https://www.saramin.co.kr/zf_user/jobs/relay/view?isMypage=no&rec_idx=45800748,(주)아이오티플렉스,실시간 데이터 통신 및 데이터 처리 개발자 모집,부산해운대구,백엔드/서버개발웹개발데이터마이닝데이터시각화
https://www.saramin.co.kr/zf_user/jobs/relay/view?isMypage=no&rec_idx=45256332,(주)스마일코리아,(주)스마일코리아 사내 솔루션 개발자 모십니다,서울금천구,앱개발웹개발유지보수웹표준·웹접근성
https://www.saramin.co.kr/zf_user/jobs/relay/view?isMypage=no&rec_idx=45849107,(주)콩스튜디오코리아,IT Infra팀 인프라 엔지니어 모집 (신입 ~ 경력 5년 이하),서울강남구,네트워크인프라클라우드IaaS
https://www.saramin.co.kr/zf_user/jobs/relay/view?isMypage=no&rec_idx=45746160,(주)블루비즈,C# 기업형 업무 솔루션 개발자,서울전체,데이터분석가데이터엔지니어백엔드/서버개발웹개발
https://www.saramin.co.kr/zf_user/jobs/relay/view?isMypage=no&rec_idx=43697192,(주)헥토이노베이션,휘슬사업부 우수 인재 채용 (기획/UI·UX/개발 등),서울강남구,데이터분석가백엔드/서버개발앱개발웹개발
https://www.saramin.co.kr/zf_user/jobs/relay/view?isMypage=no&rec_idx=43698302,(주)헥토이노베이션,기술연구소 우수 인재채용(개발/IOS/Android/UI·UX),서울강남구,데이터분석가데이터엔지니어백엔드/서버개발앱개발
https://www.saramin.co.kr/zf_user/jobs/relay/view?isMypage=no&rec_idx=45960754,가온소프트(주),"MES, POP, CIM 개발자 모집",경남창원시,JavaOracleDB인터페이스C#
https://www.saramin.co.kr/zf_user/jobs/relay/view?isMypage=no&rec_idx=45971219,(주)이파피루스,솔루션 엔지니어(시스템엔지니어/SE),경기전체,기술지원웹개발SE(시스템엔지니어)네트워크
https://www.saramin.co.kr/zf_user/jobs/relay/view?isMypage=no&rec_idx=45516979,(주)에이아이매틱스,전문연구요원(병역특례)채용/ 23년도 졸업or예정자,경기성남시 분당구,딥러닝머신러닝알고리즘임베디드
https://www.saramin.co.kr/zf_user/jobs/relay/view?isMypage=no&rec_idx=44736323,(주)이글루코퍼레이션,머신러닝 엔진 API 디자인 및 개발,서울전체,데이터분석가데이터엔지니어웹개발SE(시스템엔지니어)
https://www.saramin.co.kr/zf_user/jobs/relay/view?isMypage=no&rec_idx=45997907,(주)카카오페이,[카카오페이] 데이터 애널리스트 - 비즈니스,경기성남시 분당구,데이터분석가뱅킹·빌링
https://www.saramin.co.kr/zf_user/jobs/relay/view?isMypage=no&rec_idx=45993084,(주)카카오페이,[카카오페이] 인프라 - 시스템 엔지니어,경기성남시 분당구,SE(시스템엔지니어)스크립트인프라클라우드
https://www.saramin.co.kr/zf_user/jobs/relay/view?isMypage=no&rec_idx=45936033,(주)이글루코퍼레이션,제품보고서 유지보수 및 개발,서울전체,백엔드/서버개발웹개발퍼블리셔프론트엔드
https://www.saramin.co.kr/zf_user/jobs/relay/view?isMypage=no&rec_idx=45883431,(주)이파피루스,[ePapyrus] 솔루션 엔지니어(시스템엔지니어/SE) 모집,경기성남시 분당구,기술지원웹개발유지보수솔루션
https://www.saramin.co.kr/zf_user/jobs/relay/view?isMypage=no&rec_idx=45921132,(주)제노레이,[신입/경력] 소프트웨어(SW) 우수인재 모집,서울강남구,기술지원FPGAH/WS/W
https://www.saramin.co.kr/zf_user/jobs/relay/view?isMypage=no&rec_idx=45919796,한화정밀기계(주),클라우드 기반 디지털 플랫폼 백엔드 엔지니어 경력직 채용(1년 계약직),경기전체,백엔드/서버개발웹개발DBASE(시스템엔지니어)
https://www.saramin.co.kr/zf_user/jobs/relay/view?isMypage=no&rec_idx=45724322,(주)에스더블유엠,[SWM] 자율주행/ 인공지능 부문별 SW 개발 모집,경기안양시 동안구,데이터엔지니어백엔드/서버개발웹개발데이터시각화
https://www.saramin.co.kr/zf_user/jobs/relay/view?isMypage=no&rec_idx=45914897,(주)스카우트,디지털마케팅 데이터분석 전문가 (국내 최고대기업 계열),서울강남구,데이터분석가데이터엔지니어빅데이터클라우드
https://www.saramin.co.kr/zf_user/jobs/relay/view?isMypage=no&rec_idx=45836887,라온피플(주),[전문연구요원] AI 비전 딥러닝 개발자 모집,경기성남시 분당구,딥러닝머신러닝알고리즘영상처리
https://www.saramin.co.kr/zf_user/jobs/relay/view?isMypage=no&rec_idx=45628452,한국스코어링(주),[신입] AI 기반 업무자동화(RPA) 구현 개발자 채용(서울),서울영등포구,.NETC++C언어Java
https://www.saramin.co.kr/zf_user/jobs/relay/view?isMypage=no&rec_idx=45724633,(주)에스더블유엠,[SWM] 자율주행/인공지능 부문별 SW 개발 모집(part.2),경기안양시 동안구,데이터엔지니어백엔드/서버개발웹개발데이터시각화
https://www.saramin.co.kr/zf_user/jobs/relay/view?isMypage=no&rec_idx=45994369,(주)브릭,데이터분석가 채용,경기성남시 분당구,데이터분석가머신러닝빅데이터R
https://www.saramin.co.kr/zf_user/jobs/relay/view?isMypage=no&rec_idx=45830844,케이지엘(주),적극적이고 능력있는 IT 인재를 모집합니다.,서울중구,웹개발유지보수.NETJava
https://www.saramin.co.kr/zf_user/jobs/relay/view?isMypage=no&rec_idx=45964562,(주)에이치비테크놀러지,딥러닝 연구개발 팀장 채용,서울강남구,딥러닝머신러닝알고리즘영상처리
https://www.saramin.co.kr/zf_user/jobs/relay/view?isMypage=no&rec_idx=45975725,(주)이글루코퍼레이션,[빅데이터보안연구소] 제품 보고서 개발자 채용,서울송파구,백엔드/서버개발유지보수.NETC#
https://www.saramin.co.kr/zf_user/jobs/relay/view?isMypage=no&rec_idx=45933183,(주)디케이테크인,[카카오자회사] 디케이테크인 Data Architect 담당자 채용,경기성남시 분당구,백엔드/서버개발모델링DBMSETL
https://www.saramin.co.kr/zf_user/jobs/relay/view?isMypage=no&rec_idx=45712912,(주)에이아이매틱스,에이아이매틱스 연구부문 (HW/SW개발자) 채용,서울영등포구,기술지원데이터분석가데이터엔지니어백엔드/서버개발
https://www.saramin.co.kr/zf_user/jobs/relay/view?isMypage=no&rec_idx=45870632,(주)한컴케어링크,[한컴그룹 계열사] 헬스케어 서비스 개발(추가 충원),경기성남시 분당구,백엔드/서버개발앱개발웹개발프론트엔드
https://www.saramin.co.kr/zf_user/jobs/relay/view?isMypage=no&rec_idx=45932736,엠비아이솔루션(주),컨택센터 개발자,서울마포구,백엔드/서버개발웹개발퍼블리셔프론트엔드
https://www.saramin.co.kr/zf_user/jobs/relay/view?isMypage=no&rec_idx=45993258,(주)프렌트리,[프렌트리] 모바일 플랫폼 개발자 모집 (신입/경력),서울강서구,백엔드/서버개발정보보안프론트엔드취약점진단
https://www.saramin.co.kr/zf_user/jobs/relay/view?isMypage=no&rec_idx=45981492,프로마션스(주),프로마션스 개발자 채용,서울성동구,JavaJPAMySQLRedis
https://www.saramin.co.kr/zf_user/jobs/relay/view?isMypage=no&rec_idx=44865989,(주)인터엑스,"[울산] 데이터분석(이미지 및 영상 데이터 분석가, Data Scientist)",울산중구,데이터분석가SE(시스템엔지니어)데이터마이닝데이터시각화
https://www.saramin.co.kr/zf_user/jobs/relay/view?isMypage=no&rec_idx=45868602,(주)아리사코리아,서버/백엔드 개발자 정규직 신입 채용,서울송파구,데이터분석가데이터엔지니어백엔드/서버개발빅데이터
https://www.saramin.co.kr/zf_user/jobs/relay/view?isMypage=no&rec_idx=45994516,서울대학교 AI연구원,서울대학교 산학협력단 / 서울대 AI연구원 AI양재허브센터 (6명),서울서초구,AI(인공지능)예산관리창업컨설팅교육운영
https://www.saramin.co.kr/zf_user/jobs/relay/view?isMypage=no&rec_idx=45938405,(주)에듀에이아이,2023년 상반기 웹개발/데이터엔지니어 모집합니다(경력/신입),서울강남구,데이터분석가데이터엔지니어백엔드/서버개발앱개발
https://www.saramin.co.kr/zf_user/jobs/relay/view?isMypage=no&rec_idx=45774296,(주)메디치소프트,인공지능(AI)·빅데이터 과학팀(자연어/이미지 처리),서울영등포구,데이터분석가데이터라벨링데이터마이닝데이터시각화
https://www.saramin.co.kr/zf_user/jobs/relay/view?isMypage=no&rec_idx=45627231,네이버시스템(주),프론트엔드 개발자 신입 및 경력 사원 모집,서울송파구,백엔드/서버개발유지보수머신러닝빅데이터
https://www.saramin.co.kr/zf_user/jobs/relay/view?isMypage=no&rec_idx=45797215,(주)인베트,리얼패킹 백엔드 개발자 신입 및 경력 수시 모집,서울마포구,백엔드/서버개발웹개발프론트엔드DBA
https://www.saramin.co.kr/zf_user/jobs/relay/view?isMypage=no&rec_idx=45823117,스타법무법인,[대구] 전략기획본부 SW개발파트 신입/경력 채용,대구중구,기술지원데이터엔지니어백엔드/서버개발웹개발
https://www.saramin.co.kr/zf_user/jobs/relay/view?isMypage=no&rec_idx=45839713,빔웍스,의료인공지능 스타트업 (주)빔웍스 AI 소프트웨어 개발자 모집,대구북구,클라우드S/WC++C언어
https://www.saramin.co.kr/zf_user/jobs/relay/view?isMypage=no&rec_idx=45988062,(주)모멘티,백엔드 개발자 추가 채용 [강남구],서울강남구,백엔드/서버개발웹개발프론트엔드DBA
https://www.saramin.co.kr/zf_user/jobs/relay/view?isMypage=no&rec_idx=45920929,(주)이팝콘,빅데이터 Java/Spring Backend 개발자 채용(취업축하금 지급),서울서초구,백엔드/서버개발SE(시스템엔지니어)JavaLinux
https://www.saramin.co.kr/zf_user/jobs/relay/view?isMypage=no&rec_idx=45939074,(주)버디버스,커피 버티컬 플랫폼 개발 분야 채용,서울강남구,백엔드/서버개발앱개발웹개발프론트엔드
https://www.saramin.co.kr/zf_user/jobs/relay/view?isMypage=no&rec_idx=45992187,(주)휴먼메트릭스,2023년 5차 휴먼메트릭스 정규직 채용 & 하반기 인턴 채용,서울강남구,기술지원백엔드/서버개발웹개발유지보수
https://www.saramin.co.kr/zf_user/jobs/relay/view?isMypage=no&rec_idx=46000405,(주)테서,AI Engineer : 의료영상 알고리즘 개발 (전문연구요원 가능),서울강남구,데이터분석가머신러닝AI(인공지능)Tensorflow
https://www.saramin.co.kr/zf_user/jobs/relay/view?isMypage=no&rec_idx=45982825,(주)크래프톤,[AI] AI Artist (경력 무관),서울강남구,머신러닝AI(인공지능)KerasTensorflow
https://www.saramin.co.kr/zf_user/jobs/relay/view?isMypage=no&rec_idx=45874887,(주)하이브,[HYBE] ITSM/CS,서울용산구,기술지원인프라SaaS네트워크
https://www.saramin.co.kr/zf_user/jobs/relay/view?isMypage=no&rec_idx=45995665,비마이펫(주),반려동물 스타트업 Django 기반 풀스택 웹개발자 신입/경력,서울강남구,백엔드/서버개발웹개발CSSDjango
https://www.saramin.co.kr/zf_user/jobs/relay/view?isMypage=no&rec_idx=45725327,(주)버디버스,"커피 버티컬 플랫폼 기획, 개발, 디자분야 채용",서울강남구,백엔드/서버개발앱개발웹개발퍼블리셔
https://www.saramin.co.kr/zf_user/jobs/relay/view?isMypage=no&rec_idx=45991875,보은전자방송통신㈜,S/W 개발 인턴 채용전환형 (연봉 3700만),서울강서구,앱개발딥러닝영상처리정보통신
https://www.saramin.co.kr/zf_user/jobs/relay/view?isMypage=no&rec_idx=45220240,(주)비스텔리젼스,AI/빅데이터 - Data Scientist 연구개발 채용,서울전체,데이터분석가SE(시스템엔지니어)데이터마이닝데이터시각화
https://www.saramin.co.kr/zf_user/jobs/relay/view?isMypage=no&rec_idx=45907888,(주)인라이플,[주4.5일근무] 인공지능연구소 딥러닝 연구개발자 채용,서울구로구,백엔드/서버개발웹개발데이터마이닝데이터시각화
https://www.saramin.co.kr/zf_user/jobs/relay/view?isMypage=no&rec_idx=43226714,에스피케이인크(주),K8S Product Support Engineer,서울전체,웹개발프론트엔드SE(시스템엔지니어)인프라
https://www.saramin.co.kr/zf_user/jobs/relay/view?isMypage=no&rec_idx=45747537,넛지헬스케어(주),[캐시워크] 백엔드개발 채용전환형 인턴,서울강남구,백엔드/서버개발앱개발웹개발웹마스터
https://www.saramin.co.kr/zf_user/jobs/relay/view?isMypage=no&rec_idx=45845791,(주)노리앤드,"2023년 NET, JAVA 개발 경력자 및 신입",서울금천구,웹개발솔루션RDBMS.NET
https://www.saramin.co.kr/zf_user/jobs/relay/view?isMypage=no&rec_idx=45993279,에이스휴먼파워(주),[월 최대 299만/ 본사]BC카드 빅데이터 비즈니스지원 (SQL) 채용,서울중구,기술지원데이터분석가웹개발QA/테스터
https://www.saramin.co.kr/zf_user/jobs/relay/view?isMypage=no&rec_idx=45958483,(주)솔리드이엔지,(주)솔리드이엔지 사무직 - 클라우드 기술 신입사원 모집,대전유성구,기술지원유지보수정보보안IT컨설팅
https://www.saramin.co.kr/zf_user/jobs/relay/view?isMypage=no&rec_idx=45955097,SK이노베이션(주),[mySUNI] (학습 플랫폼) Data 분석 및 플랫폼 운영관리자 채용,서울전체,데이터분석가QA/테스터SQLFigma
https://www.saramin.co.kr/zf_user/jobs/relay/view?isMypage=no&rec_idx=45960025,(주)휴먼코아,정규직[로봇IT/상장기업 자회사]티라로보틱스 하반기 공개 채용,경기성남시 중원구,솔루션자율주행H/WS/W
https://www.saramin.co.kr/zf_user/jobs/relay/view?isMypage=no&rec_idx=45883639,(주)디구루,(주)디구루 [데이터분석] 빅데이터 컨설턴트/분석가 모집,경기성남시 분당구,데이터분석가머신러닝빅데이터R
https://www.saramin.co.kr/zf_user/jobs/relay/view?isMypage=no&rec_idx=45892190,삼성서울병원,(삼성서울병원) 의료 데이터 분석/인공지능 연구원,서울강남구,데이터분석가데이터엔지니어데이터마이닝딥러닝
https://www.saramin.co.kr/zf_user/jobs/relay/view?isMypage=no&rec_idx=45915438,(주)소니인터랙티브엔터테인먼트코리아,IT 신입/경력사원(계약직) 채용,서울강남구,기술지원유지보수클라우드Windows
https://www.saramin.co.kr/zf_user/jobs/relay/view?isMypage=no&rec_idx=45148197,(주)교보문고,[경력] Database 관리 경력사원 모집,서울마포구,게임개발기술지원데이터분석가데이터엔지니어
https://www.saramin.co.kr/zf_user/jobs/relay/view?isMypage=no&rec_idx=45994336,(주)켐트로닉스,㈜켐트로닉스 전자사업본부 개발부문 상시채용,경기수원시 영통구,기술지원앱개발IT컨설팅QA/테스터
https://www.saramin.co.kr/zf_user/jobs/relay/view?isMypage=no&rec_idx=45842480,(주)반프,상반기 R&D 대규모 채용 (데이터분석/사이언티스트),서울강남구,데이터분석가데이터엔지니어데이터라벨링데이터마이닝
https://www.saramin.co.kr/zf_user/jobs/relay/view?isMypage=no&rec_idx=45748042,(주)클라우드네트웍스,[클라우드네트웍스] 클라우드시스템 엔지니어 모집 (신입/경력),서울강남구,기술지원데이터엔지니어유지보수DBA
https://www.saramin.co.kr/zf_user/jobs/relay/view?isMypage=no&rec_idx=45916266,코닉오토메이션(주),스마트팩토리 Backend 개발 정규직 채용,경기화성시,데이터분석가데이터엔지니어백엔드/서버개발웹개발
https://www.saramin.co.kr/zf_user/jobs/relay/view?isMypage=no&rec_idx=45795512,(주)비스텔리젼스,[(주)비스텔리젼스] AI/빅데이터 - Data Scientist 연구개발,서울서초구,데이터분석가데이터마이닝딥러닝머신러닝
https://www.saramin.co.kr/zf_user/jobs/relay/view?isMypage=no&rec_idx=45962925,(주)하나텍시스템,[하나텍시스템] 연구과제(R&D) 연구개발사업비(연구비) 정산담당,경기광명시,앱개발SI개발데이터라벨링딥러닝
https://www.saramin.co.kr/zf_user/jobs/relay/view?isMypage=no&rec_idx=45965921,(주)히어로웍스,히어로웍스 2023 상반기 데이터분석가(신입/경력) 모집 공고,부산해운대구,데이터분석가딥러닝머신러닝모델링
https://www.saramin.co.kr/zf_user/jobs/relay/view?isMypage=no&rec_idx=45935339,(주)에프에스솔루션,[신입] 컴퓨터 비전 딥러닝/머신러닝 개발자(ADAS/DMS/영상인식),경기성남시 수정구,딥러닝머신러닝신경망알고리즘
https://www.saramin.co.kr/zf_user/jobs/relay/view?isMypage=no&rec_idx=45651249,(주)테크웨이즈,[㈜테크웨이즈] 각 부문별 신입·경력사원 모집,경기용인시 수지구,기술지원SE(시스템엔지니어)SI개발네트워크
https://www.saramin.co.kr/zf_user/jobs/relay/view?isMypage=no&rec_idx=45843640,지오시스 유한회사,[Qoo10] 기술본부 시스템실 엔지니어 및 IT 서무 모집,서울강남구,기술지원SE(시스템엔지니어)네트워크방화벽
https://www.saramin.co.kr/zf_user/jobs/relay/view?isMypage=no&rec_idx=45990661,(주)컴트루테크놀로지,"[인공지능 정보보안] 개발자 부문 - Web, Spring",서울마포구,앱개발웹개발프론트엔드Windows
https://www.saramin.co.kr/zf_user/jobs/relay/view?isMypage=no&rec_idx=45789033,피아스페이스(주),백엔드 개발자 채용,서울서초구,백엔드/서버개발웹개발프론트엔드DBA
https://www.saramin.co.kr/zf_user/jobs/relay/view?isMypage=no&rec_idx=45821996,(주)비즈테크아이,[LG그룹] 비즈테크아이 개발혁신센터 대규모 IT인재 채용,서울마포구,데이터엔지니어네트워크.NETC#
https://www.saramin.co.kr/zf_user/jobs/relay/view?isMypage=no&rec_idx=45827196,(주)뉴로메카,[뉴로메카] 로봇시스템 CS엔지니어 채용,서울성동구,로봇엔지니어로봇설계기계조작원기술엔지니어
https://www.saramin.co.kr/zf_user/jobs/relay/view?isMypage=no&rec_idx=45654497,(주)로커스,(주)로커스 애니메이션사업본부 부문별 모집 안내,서울강남구,애니메이션애니메이터라이팅만화/웹툰컨셉아트
https://www.saramin.co.kr/zf_user/jobs/relay/view?isMypage=no&rec_idx=45984420,한국폴리텍대학 분당융합기술교육원,[확실한 취업관리] AI SW 개발자 · 바이오QC 전문가 교육,경기성남시 분당구,데이터분석가앱개발유지보수네트워크
https://www.saramin.co.kr/zf_user/jobs/relay/view?isMypage=no&rec_idx=45533814,(주)한컴위드,㈜한컴위드 PKI 솔루션 개발자 및 기술지원 채용,경기성남시 분당구,백엔드/서버개발보안컨설팅앱개발웹개발
https://www.saramin.co.kr/zf_user/jobs/relay/view?isMypage=no&rec_idx=45986091,고황건설(주),2023년 고황건설㈜ 하반기 신입/경력 채용,서울강남구,데이터분석가데이터마이닝머신러닝빅데이터
https://www.saramin.co.kr/zf_user/jobs/relay/view?isMypage=no&rec_idx=45824949,동호에이치알(주),[용인]르노코리아자동차 중앙연구소 데이터관리 직원 담당,경기용인시 기흥구,데이터분석가데이터엔지니어웹개발데이터라벨링
https://www.saramin.co.kr/zf_user/jobs/relay/view?isMypage=no&rec_idx=45961284,(주)페이타랩,[패스오더] 급성장중인 스타트업 '데브옵스 엔지니어' 채용,서울강남구,기술지원백엔드/서버개발앱개발웹개발
https://www.saramin.co.kr/zf_user/jobs/relay/view?isMypage=no&rec_idx=45937750,(주)킥더허들,R&D 연구원 신입/경력 채용(울산),울산남구,데이터분석가데이터엔지니어데이터라벨링데이터마이닝
https://www.saramin.co.kr/zf_user/jobs/relay/view?isMypage=no&rec_idx=45926399,에코스솔루션(주),임베디드 하드웨어 및 소프트웨어 초.중급개발자 모집 [연구소],서울구로구,백엔드/서버개발유지보수프론트엔드SI개발
https://www.saramin.co.kr/zf_user/jobs/relay/view?isMypage=no&rec_idx=45987062,(주)메디씽큐,2023년 ㈜메디씽큐 R&D 정규직 신입/경력 채용,경기성남시,기술지원데이터분석가데이터엔지니어백엔드/서버개발
https://www.saramin.co.kr/zf_user/jobs/relay/view?isMypage=no&rec_idx=45936512,대한상공회의소 충남인력개발원,ICT융합 스마트팩토리 제어설계 교육생 모집(K-디지털),충남전체,데이터분석가네트워크딥러닝머신러닝
https://www.saramin.co.kr/zf_user/jobs/relay/view?isMypage=no&rec_idx=45870215,에이아이티스토리(주),"에이아이티스토리 개발자 정규직 채용 (신입 가능, 경력자 우대)",서울서초구,웹개발DBA모델링빅데이터
https://www.saramin.co.kr/zf_user/jobs/relay/view?isMypage=no&rec_idx=45784869,㈜데이타메이션,"[데이타메이션] JSP/JAVA 개발자 신입,경력 채용",서울구로구,웹개발DBAFLEXJava
https://www.saramin.co.kr/zf_user/jobs/relay/view?isMypage=no&rec_idx=45911084,(주)아로텍,환경 솔루션 개발 신입/경력직 모집합니다,서울성동구,백엔드/서버개발웹개발프론트엔드Windows
https://www.saramin.co.kr/zf_user/jobs/relay/view?isMypage=no&rec_idx=45918968,㈜알앤비소프트,23년 알앤비소프트 JAVA 신입 개발자 채용,경기성남시 분당구,웹개발JavaOracleDBRDBMS
https://www.saramin.co.kr/zf_user/jobs/relay/view?isMypage=no&rec_idx=45896075,(주)이엠엘,(주)이엠엘 정규직 모집 개발자 모집(웹개발자),대구수성구,웹개발DjangoHTMLPHP
https://www.saramin.co.kr/zf_user/jobs/relay/view?isMypage=no&rec_idx=45974036,(주)누리어시스템,"[금융SI/SM] Java, JSP 웹 개발자를 모십니다.",경기하남시,백엔드/서버개발앱개발웹개발유지보수
https://www.saramin.co.kr/zf_user/jobs/relay/view?isMypage=no&rec_idx=45994808,인터리젠(주),시스템 엔지니어 신입 및 경력 모집,서울강남구,기술지원데이터분석가데이터엔지니어백엔드/서버개발
https://www.saramin.co.kr/zf_user/jobs/relay/view?isMypage=no&rec_idx=45890732,(주)트윔,[면접비 지급] 머신비전 검사운영자 채용,경기화성시,유지보수SI개발딥러닝머신러닝
https://www.saramin.co.kr/zf_user/jobs/relay/view?isMypage=no&rec_idx=45869842,(주)새론솔루션,"프론트, 백엔드 개발자 채용 (경력)",경기의왕시,백엔드/서버개발앱개발웹개발머신러닝
https://www.saramin.co.kr/zf_user/jobs/relay/view?isMypage=no&rec_idx=45621077,㈜더아이엠씨,대구본부 AI & Big Data 서비스풀스택 웹개발자 채용(신입/경력),대구수성구,백엔드/서버개발웹개발유지보수빅데이터
https://www.saramin.co.kr/zf_user/jobs/relay/view?isMypage=no&rec_idx=45593432,(주)포르텍,㈜포르텍 2023년 영업직 채용 공고,서울영등포구,FAE솔루션음성인식S/W
https://www.saramin.co.kr/zf_user/jobs/relay/view?isMypage=no&rec_idx=45894033,주식회사 스타랩스,[스타랩스] 웹개발자 초/중/고/특급 채용,서울강남구,백엔드/서버개발웹개발프론트엔드SE(시스템엔지니어)
https://www.saramin.co.kr/zf_user/jobs/relay/view?isMypage=no&rec_idx=45889747,한국콘텐츠진흥원,2023년 3분기 한국콘텐츠진흥원 경력직원 채용 공고,전남나주시,기술지원데이터분석가데이터엔지니어백엔드/서버개발
https://www.saramin.co.kr/zf_user/jobs/relay/view?isMypage=no&rec_idx=45988154,(주)시큐아이,"[삼성SDS자회사] (주)시큐아이 경력사원 채용공고(교육, 노사)",서울종로구,보안컨설팅정보보안CISOSE(시스템엔지니어)
https://www.saramin.co.kr/zf_user/jobs/relay/view?isMypage=no&rec_idx=45883276,(사)한국항공우주산업진흥협회,[국비지원 무료교육] [추가모집] 항공우주전문인력양성사업 항공ICT 설계 융합 엔지니어 양성 과정(1차),서울마포구,데이터분석가데이터엔지니어백엔드/서버개발웹개발
https://www.saramin.co.kr/zf_user/jobs/relay/view?isMypage=no&rec_idx=45852408,(주)더원테크,빅데이터 분석 및 프로그램 개발자 인턴 모십니다.,서울금천구,데이터분석가데이터엔지니어데이터라벨링데이터마이닝
https://www.saramin.co.kr/zf_user/jobs/relay/view?isMypage=no&rec_idx=45852417,(주)더원테크,인공지능 AI 와 빅데이터 분석 및 프로그램 개발자 모집,서울금천구,데이터분석가데이터엔지니어DBA데이터마이닝
https://www.saramin.co.kr/zf_user/jobs/relay/view?isMypage=no&rec_idx=45840367,컴즈(주),S/W QA & Test Engineer (신입/경력) 모집합니다.,서울구로구,백엔드/서버개발웹마스터QA/테스터SE(시스템엔지니어)
https://www.saramin.co.kr/zf_user/jobs/relay/view?isMypage=no&rec_idx=45908878,(주)에이비에이치,2023 (주)에이비에이치 SI개발팀 (팀장/사원급) 채용 (부산),부산해운대구,백엔드/서버개발웹개발프론트엔드SI개발
https://www.saramin.co.kr/zf_user/jobs/relay/view?isMypage=no&rec_idx=45837337,(주)오픈메이트,[오픈메이트] 데이터엔지니어 및 Data Architect 인재 모집,서울서대문구,데이터분석가IT컨설팅데이터마이닝데이터시각화
https://www.saramin.co.kr/zf_user/jobs/relay/view?isMypage=no&rec_idx=45886109,슬리버,풀스택 개발자 신입 채용,서울용산구,백엔드/서버개발앱개발웹개발프론트엔드
https://www.saramin.co.kr/zf_user/jobs/relay/view?isMypage=no&rec_idx=45985519,(주)시큐아이,[삼성SDS자회사] (주)시큐아이 경력사원 채용공고(관제운영),서울종로구,보안컨설팅정보보안CISOSE(시스템엔지니어)
https://www.saramin.co.kr/zf_user/jobs/relay/view?isMypage=no&rec_idx=45886006,슬리버,프론트엔드 개발자 신입 채용,서울용산구,프론트엔드AI(인공지능)AWSElasticStack
https://www.saramin.co.kr/zf_user/jobs/relay/view?isMypage=no&rec_idx=45868490,(주)트윔,"[면접비 지급] 프로그램 개발, 운용 필드엔지니어 영입",경기화성시,딥러닝머신러닝빅데이터솔루션
https://www.saramin.co.kr/zf_user/jobs/relay/view?isMypage=no&rec_idx=45968820,(주)엠쓰리모바일,엠쓰리모바일에서 연구소 신규 직원을 모집합니다.,서울금천구,백엔드/서버개발앱개발SE(시스템엔지니어)정보통신GIS
https://www.saramin.co.kr/zf_user/jobs/relay/view?isMypage=no&rec_idx=45913671,(주)스마트코어,(주)스마트코어 백엔드 채용 (신입/경력),서울금천구,백엔드/서버개발앱개발APIS/WAndroid
https://www.saramin.co.kr/zf_user/jobs/relay/view?isMypage=no&rec_idx=45826316,효성아이티엑스(주),[효성ITX] 신사업전략 팀원 모집,서울영등포구,경영기획사업기획전략기획신사업기획신사업발굴
https://www.saramin.co.kr/zf_user/jobs/relay/view?isMypage=no&rec_idx=45936454,(재)한국의학연구소,[KMI한국의학연구소] 재단본부 전략기획팀 정규직 채용,서울중구,경영기획전략기획경영분석경영혁신(PI)지속가능경영
https://www.saramin.co.kr/zf_user/jobs/relay/view?isMypage=no&rec_idx=45843942,(주)에스에이엠지엔터테인먼트,[SAMG엔터테인먼트] 제작본부 분야별 신입/경력 모집,서울강남구,제작관리에디터PD/AD/FD애니메이션포스트프로덕션
https://www.saramin.co.kr/zf_user/jobs/relay/view?isMypage=no&rec_idx=45988358,한국생산기술연구원,한국생산기술연구원(대구) 연구개발 보조 및 학연과정,대구달성군,연구원연구소
https://www.saramin.co.kr/zf_user/jobs/relay/view?isMypage=no&rec_idx=45962998,(주)디퍼아이,[강남구] 딥러닝 솔루션 SW 및 HW 개발자 채용,서울강남구,데이터분석가데이터엔지니어백엔드/서버개발앱개발
https://www.saramin.co.kr/zf_user/jobs/relay/view?isMypage=no&rec_idx=45863573,(주)사이넷,[사이넷] 데이터 분석가 채용 (주 4일 출근제),서울송파구,데이터분석가데이터시각화데이터분석모델링SQL
https://www.saramin.co.kr/zf_user/jobs/relay/view?isMypage=no&rec_idx=45993790,(주)위메이드,데이터관리 채용연계형 인턴십,경기성남시 분당구,데이터엔지니어DBA머신러닝블록체인빅데이터
https://www.saramin.co.kr/zf_user/jobs/relay/view?isMypage=no&rec_idx=45658790,분당서울대학교병원,분당서울대병원 빅데이터센터 연구원 채용,경기성남시 분당구,DBA머신러닝빅데이터AI(인공지능)OracleDB
https://www.saramin.co.kr/zf_user/jobs/relay/view?isMypage=no&rec_idx=45680125,투브플러스(주),[강남] 프론트엔드 개발자,서울강남구,프론트엔드.NETC#HTML
https://www.saramin.co.kr/zf_user/jobs/relay/view?isMypage=no&rec_idx=43875474,코스맥스(주),디지털전략팀 경력사원 채용,경기성남시 분당구,백엔드/서버개발앱개발웹개발프론트엔드
https://www.saramin.co.kr/zf_user/jobs/relay/view?isMypage=no&rec_idx=45879722,지멘스(주),[Digital Industries] Customer Service - Motion Control,경남창원시,공정엔지니어기술엔지니어설계엔지니어기계설계전기설계
https://www.saramin.co.kr/zf_user/jobs/relay/view?isMypage=no&rec_idx=45881020,(사)한국아이씨티기술협회,[국비무료 IT 취업과정] 자바개발자 교육생 모집(비전공자 가능),서울강남구,데이터분석가데이터엔지니어앱개발웹개발웹마스터
https://www.saramin.co.kr/zf_user/jobs/relay/view?isMypage=no&rec_idx=45862387,(주)플랜아이,[플랜아이] 개발자 채용 (JSP JAVA WEB),대전유성구,웹개발유지보수프론트엔드SI개발
https://www.saramin.co.kr/zf_user/jobs/relay/view?isMypage=no&rec_idx=45967313,(주)컨텍,[CONTEC] 소프트웨어 개발자 모집,대전유성구,웹개발딥러닝영상처리S/W
https://www.saramin.co.kr/zf_user/jobs/relay/view?isMypage=no&rec_idx=45853410,(주)에이피알,[뷰티테크기업] 에이피알 각 부문별 IT/개발직군 모집,서울송파구,데이터분석가데이터엔지니어백엔드/서버개발앱개발
https://www.saramin.co.kr/zf_user/jobs/relay/view?isMypage=no&rec_idx=45969566,(주)사람인에이치에스,[대기업/시청역/복지최상] 시스템 개발 및 유지보수(전산팀),서울중구,기술지원웹개발웹마스터유지보수
https://www.saramin.co.kr/zf_user/jobs/relay/view?isMypage=no&rec_idx=45974642,빅스데이터(주),[교육서비스본부] 담당 매니저 신규 채용,서울강남구,IT컨설팅교육기획교육컨설턴트교육운영
https://www.saramin.co.kr/zf_user/jobs/relay/view?isMypage=no&rec_idx=45787509,(주)뉴지스탁,각 부문별 신입/경력자 채용,서울영등포구,백엔드/서버개발정보보안알고리즘서비스기획
https://www.saramin.co.kr/zf_user/jobs/relay/view?isMypage=no&rec_idx=45728636,(주)딥인사이트,각 부문별 개발자 담당자 모집,경기성남시 분당구,데이터분석가데이터엔지니어데이터라벨링데이터마이닝
https://www.saramin.co.kr/zf_user/jobs/relay/view?isMypage=no&rec_idx=45831376,(주)앤씨앤,"[앤씨앤/넥스트칩] 2023년 6월 연구소, 영업마케팅 각 부문 모집",경기성남시 분당구,데이터분석가데이터엔지니어백엔드/서버개발앱개발
https://www.saramin.co.kr/zf_user/jobs/relay/view?isMypage=no&rec_idx=45707591,(주)스쿨버스,"(주)스쿨버스 백엔드(Node) 개발자, 클라(Flutter) 개발자 채용",서울마포구,백엔드/서버개발앱개발웹개발프론트엔드
https://www.saramin.co.kr/zf_user/jobs/relay/view?isMypage=no&rec_idx=45960664,지니언스(주),지니언스(주) 개발자 모집,경기안양시 동안구,백엔드/서버개발빅데이터APIC++
https://www.saramin.co.kr/zf_user/jobs/relay/view?isMypage=no&rec_idx=45762309,양재미디어(주),JAVA 웹 개발자 정규직 채용 (신입 / 경력 2년 이상),서울영등포구,웹개발JavaJavascriptJSP
https://www.saramin.co.kr/zf_user/jobs/relay/view?isMypage=no&rec_idx=45834634,(주)이든앤앨리스마케팅,[이든앤앨리스마케팅] 브랜드체험관 AE 경력직 채용,경기고양시 일산서구,기술지원백엔드/서버개발앱개발웹개발
https://www.saramin.co.kr/zf_user/jobs/relay/view?isMypage=no&rec_idx=45914451,인피니언테크놀로지스코리아(유),센서 실험실 엔지니어 인턴십 (12개월),서울강남구,C언어실험보조MEMS반도체
https://www.saramin.co.kr/zf_user/jobs/relay/view?isMypage=no&rec_idx=45859650,(주)엔디소프트,[NDSOFT] 2023년도 상반기 개발자 채용(서울근무),서울강남구,백엔드/서버개발웹개발APIDBMS
https://www.saramin.co.kr/zf_user/jobs/relay/view?isMypage=no&rec_idx=45859644,(주)엔디소프트,[NDSOFT] 23년도 상반기 개발자 채용(부산근무),부산해운대구,백엔드/서버개발웹개발APIDBMS
https://www.saramin.co.kr/zf_user/jobs/relay/view?isMypage=no&rec_idx=45837751,(주)오픈메이트,[오픈메이트] 데이터 분석분야 신입/경력 인재 모집,서울서대문구,데이터분석가백엔드/서버개발웹개발IT컨설팅
https://www.saramin.co.kr/zf_user/jobs/relay/view?isMypage=no&rec_idx=45121052,(주)해줌,[에너지IT기업 해줌] 데이터 분석(Data Analysis),서울전체,데이터분석가딥러닝머신러닝블록체인
https://www.saramin.co.kr/zf_user/jobs/relay/view?isMypage=no&rec_idx=45634359,(주)마이크로인피니티,㈜마이크로인피니티 대전사업장 정규직 사원 모집,대전유성구,네트워크알고리즘임베디드자율주행
https://www.saramin.co.kr/zf_user/jobs/relay/view?isMypage=no&rec_idx=45912925,서울아산병원,"[경력] 인공지능 의료기기 개발, AI/ML 연구자, RA 인허가",서울송파구,AI(인공지능)RA의료기기연구앱개발
https://www.saramin.co.kr/zf_user/jobs/relay/view?isMypage=no&rec_idx=45922967,(주)와탭랩스,주니어 데브옵스 엔지니어(DevOps Engineer),서울서초구,백엔드/서버개발웹개발프론트엔드SE(시스템엔지니어)
https://www.saramin.co.kr/zf_user/jobs/relay/view?isMypage=no&rec_idx=45832668,(주)두산테스나,23년 Test개발 및 R&D 신입 채용,경기평택시,기술지원R&D유지보수C++
https://www.saramin.co.kr/zf_user/jobs/relay/view?isMypage=no&rec_idx=45924680,(주)휴노,웹 솔루션 신입 및 경력직 개발자 채용,서울마포구,백엔드/서버개발앱개발웹개발.NET
https://www.saramin.co.kr/zf_user/jobs/relay/view?isMypage=no&rec_idx=45905723,㈜사이람,데이터 분석 컨설턴트 채용 공고(신입/경력),경기성남시 분당구,데이터분석가데이터마이닝빅데이터텍스트마이닝
https://www.saramin.co.kr/zf_user/jobs/relay/view?isMypage=no&rec_idx=45820746,쿠팡풀필먼트서비스(유),[쿠팡CFS] Business Data Analyst (비즈니스 분석가) 모집,서울송파구,데이터마이닝MySQLNoSQLPostgreSQL
https://www.saramin.co.kr/zf_user/jobs/relay/view?isMypage=no&rec_idx=45979058,삼일회계법인,[삼일회계법인] Human Capital(인사팀) 인턴 채용,서울용산구,데이터분석가DBA사무보조자료입력
https://www.saramin.co.kr/zf_user/jobs/relay/view?isMypage=no&rec_idx=45928453,(주)엘아이지시스템,LIG시스템 시스템 개발 신입 채용(SI),서울종로구,앱개발웹개발SI개발C++
https://www.saramin.co.kr/zf_user/jobs/relay/view?isMypage=no&rec_idx=45961723,(주)페이타랩,[패스오더] 급성장중인 스타트업 '그로스 마케터' 채용,부산강서구,데이터분석가데이터엔지니어데이터라벨링데이터마이닝
https://www.saramin.co.kr/zf_user/jobs/relay/view?isMypage=no&rec_idx=44499732,(주)모니터랩,웹개발자 채용,서울전체,백엔드/서버개발웹개발퍼블리셔프론트엔드
https://www.saramin.co.kr/zf_user/jobs/relay/view?isMypage=no&rec_idx=45937539,(주)라인월드,"[WebDeveloper] 웹 개발자 (정규직, 신입, 경력)",대전유성구,백엔드/서버개발웹개발유지보수SI개발
https://www.saramin.co.kr/zf_user/jobs/relay/view?isMypage=no&rec_idx=45967426,(주)아프리카티비,[아프리카TV] 서버운영 및 모니터링 (Operation Engineer),서울서초구,기술지원유지보수SE(시스템엔지니어)네트워크
https://www.saramin.co.kr/zf_user/jobs/relay/view?isMypage=no&rec_idx=45947504,(주)디알비동일,[DRB동일] Machine Learning 엔지니어 경력사원 채용,부산금정구,기술지원딥러닝머신러닝모델링
https://www.saramin.co.kr/zf_user/jobs/relay/view?isMypage=no&rec_idx=45986665,(주)아이브릭스,[아이브릭스] 기업부설연구소 채용공고,경기성남시 분당구,백엔드/서버개발프론트엔드딥러닝머신러닝
https://www.saramin.co.kr/zf_user/jobs/relay/view?isMypage=no&rec_idx=45906708,(주)인사이트베슬,풀스택 개발자,서울용산구,웹개발웹마스터반응형웹NLP(자연어처리)
https://www.saramin.co.kr/zf_user/jobs/relay/view?isMypage=no&rec_idx=45711571,(주)데이터마케팅코리아,"데이터 분석가, 데이터 전략 컨설턴트 채용",서울강남구,데이터분석가데이터마이닝데이터시각화빅데이터
https://www.saramin.co.kr/zf_user/jobs/relay/view?isMypage=no&rec_idx=45961729,(주)페이타랩,[패스오더] 급성장중인 스타트업 '데이터 엔지니어' 채용,부산부산진구,데이터분석가데이터엔지니어백엔드/서버개발앱개발
https://www.saramin.co.kr/zf_user/jobs/relay/view?isMypage=no&rec_idx=45796811,(주)노르마,"[노르마]각 부문별 개발자 채용(연봉 5,000~7,000/병역특례가능)",서울성동구,백엔드/서버개발웹개발정보보안네트워크
https://www.saramin.co.kr/zf_user/jobs/relay/view?isMypage=no&rec_idx=45950843,(주)후시파트너스,[신입] 백엔드 개발자 정규직 채용,서울영등포구,백엔드/서버개발프론트엔드솔루션S/W
https://www.saramin.co.kr/zf_user/jobs/relay/view?isMypage=no&rec_idx=45953799,(주)에이오팜,농산물 데이터 관리 연구원 채용,경기성남시 수정구,데이터분석가데이터엔지니어데이터라벨링데이터마이닝
https://www.saramin.co.kr/zf_user/jobs/relay/view?isMypage=no&rec_idx=45433416,(주)푸드테크,(주)푸드테크 IT부문 데이터 엔지니어 채용,서울강남구,데이터분석가데이터엔지니어빅데이터클라우드
https://www.saramin.co.kr/zf_user/jobs/relay/view?isMypage=no&rec_idx=45961232,(주)페이타랩,[패스오더] 급성장중인 스타트업 'Back-End 개발자' 채용,서울강남구,기술지원백엔드/서버개발앱개발웹개발
https://www.saramin.co.kr/zf_user/jobs/relay/view?isMypage=no&rec_idx=45917771,(주)조이시티,[JOYCITY] 데이터사이언티스트 인턴 모집 (채용연계형),경기성남시 분당구,데이터분석가데이터엔지니어데이터마이닝머신러닝
https://www.saramin.co.kr/zf_user/jobs/relay/view?isMypage=no&rec_idx=45612103,㈜레피아,"개발이 좋은 개발자 (경력자, 배워서 가능 하신 분 우대)",서울성동구,웹개발머신러닝C언어CSS3
https://www.saramin.co.kr/zf_user/jobs/relay/view?isMypage=no&rec_idx=45969441,한화비전(주),AI 연구원,경기전체,데이터분석가데이터엔지니어데이터마이닝데이터시각화
https://www.saramin.co.kr/zf_user/jobs/relay/view?isMypage=no&rec_idx=45845356,(주)엔젤로보틱스,2023 엔젤로보틱스 전문연구요원 채용,서울성동구,백엔드/서버개발유지보수정보보안네트워크
https://www.saramin.co.kr/zf_user/jobs/relay/view?isMypage=no&rec_idx=45915026,(주)모아이스,데이터 분석가 (3년 이상),서울동작구,데이터분석가데이터엔지니어데이터라벨링데이터마이닝
https://www.saramin.co.kr/zf_user/jobs/relay/view?isMypage=no&rec_idx=45673168,(주)넷맨,(주)넷맨 연구소 신입/경력 모집,서울금천구,백엔드/서버개발보안컨설팅웹개발프론트엔드
https://www.saramin.co.kr/zf_user/jobs/relay/view?isMypage=no&rec_idx=45777793,지오시스(유),[Qoo10] 부서별 채용 (기술/개발/영업/재무),서울강남구,백엔드/서버개발웹개발정보보안퍼블리셔
https://www.saramin.co.kr/zf_user/jobs/relay/view?isMypage=no&rec_idx=45879053,디딤365(주),클라우드엔지니어/서비스 보안/IT인프라/클라우드 운영관리,서울금천구,백엔드/서버개발SE(시스템엔지니어)머신러닝빅데이터
https://www.saramin.co.kr/zf_user/jobs/relay/view?isMypage=no&rec_idx=45832594,(주)엔큐브,"[Ncube] 경력/신입 모집 [프로그래머 부문 - 응용SW, 웹/모바일]",대전서구,게임개발백엔드/서버개발앱개발웹개발
https://www.saramin.co.kr/zf_user/jobs/relay/view?isMypage=no&rec_idx=45843414,(주)맨파워그룹코리아,"[LG전자/여의도] 웹 개발자(프론트엔드, 백엔드) 모집",서울영등포구,데이터엔지니어백엔드/서버개발웹개발퍼블리셔
https://www.saramin.co.kr/zf_user/jobs/relay/view?isMypage=no&rec_idx=45724844,(주)파두,"[파두 FADU] 반도체 SSD, SoC 연구개발 엔지니어/전문연구요원",서울강남구,솔루션임베디드펌웨어H/W
https://www.saramin.co.kr/zf_user/jobs/relay/view?isMypage=no&rec_idx=45929553,(주)모비릭스,"[모비릭스] 게임기획, 서버개발, 웹API서버개발 부문 인재 채용",서울금천구,게임개발백엔드/서버개발API게임기획
https://www.saramin.co.kr/zf_user/jobs/relay/view?isMypage=no&rec_idx=45938543,(주)맨파워그룹코리아,[대기업/호텔] 데이터 분석 담당 (대리/과장),서울중구,기술지원데이터분석가데이터엔지니어데이터마이닝
https://www.saramin.co.kr/zf_user/jobs/relay/view?isMypage=no&rec_idx=45985541,(주)이엠넷,㈜이엠넷 애드테크 서비스 기획자 및 개발자 채용,서울구로구,데이터분석가데이터엔지니어백엔드/서버개발앱개발
https://www.saramin.co.kr/zf_user/jobs/relay/view?isMypage=no&rec_idx=45938559,(주)맨파워그룹코리아,[대기업/호텔] 데이터 전략 담당 (과장/차장),서울중구,기술지원데이터분석가데이터엔지니어데이터마이닝
https://www.saramin.co.kr/zf_user/jobs/relay/view?isMypage=no&rec_idx=45961076,(주)아데코코리아,[자율주행/서울] SW Perception Engineer,서울강남구,알고리즘영상처리이미지프로세싱임베디드
https://www.saramin.co.kr/zf_user/jobs/relay/view?isMypage=no&rec_idx=45958322,(주)컴트루테크놀로지,[AI인공지능 정보보안] 마케팅/사업개발팀 (신입/경력),서울마포구,영업관리솔루션기술영업IT영업고객관리매출관리
https://www.saramin.co.kr/zf_user/jobs/relay/view?isMypage=no&rec_idx=45856444,(주)덱스터스튜디오,(주)덱스터스튜디오 VP본부 채용,서울마포구,VR(가상현실)C++Pytorch기술지원
https://www.saramin.co.kr/zf_user/jobs/relay/view?isMypage=no&rec_idx=45965254,한국알박(주),Software개발(Database) 채용,경기전체,웹개발DBASE(시스템엔지니어)DBMS
https://www.saramin.co.kr/zf_user/jobs/relay/view?isMypage=no&rec_idx=45992591,서울송도병원,서울송도병원부설 세포연구소 암유전체팀 연구원 증원,서울중구,연구원생명과학제약/바이오미생물전문병원
https://www.saramin.co.kr/zf_user/jobs/relay/view?isMypage=no&rec_idx=45903321,㈜케이엘넷,(주)케이엘넷 경력직 연구원 채용,서울강남구,빅데이터Java연구원기술연구
https://www.saramin.co.kr/zf_user/jobs/relay/view?isMypage=no&rec_idx=45948024,(주)사람인에이치에스,[정규직/업계1위/복지우수] RF TEST 엔지니어 경력 채용,충남천안시 서북구,기술지원데이터엔지니어SE(시스템엔지니어)SI개발
https://www.saramin.co.kr/zf_user/jobs/relay/view?isMypage=no&rec_idx=45994520,포항공과대학교산학협력단,포항공과대학교 FoodTech R&D센터 연구원 채용,경북포항시 남구,연구원R&D식품연구기계설계자동화설계
https://www.saramin.co.kr/zf_user/jobs/relay/view?isMypage=no&rec_idx=45618799,(주)로보티즈,[실내배송로봇 연구개발] - Computer Vision & Machine learning,서울강서구,S/WC++기계기계설계
https://www.saramin.co.kr/zf_user/jobs/relay/view?isMypage=no&rec_idx=45903880,(주)비솔,응용SW 개발 모집,경기전체,DBAS/WC#C++
https://www.saramin.co.kr/zf_user/jobs/relay/view?isMypage=no&rec_idx=40501526,(주)해줌,[에너지 IT기업 해줌] 백엔드 개발자 채용,서울전체,백엔드/서버개발웹개발프론트엔드DBA
https://www.saramin.co.kr/zf_user/jobs/relay/view?isMypage=no&rec_idx=45989162,롯데정보통신(주),[카드IS 3팀] 인프라 관리,서울종로구,SE(시스템엔지니어)인프라DevOpsWindows
https://www.saramin.co.kr/zf_user/jobs/relay/view?isMypage=no&rec_idx=45747185,(주)넥슨,[인텔리전스랩스] 데이터 분석가 (넥슨 플랫폼),경기성남시 분당구,데이터분석가머신러닝모델링GCP
https://www.saramin.co.kr/zf_user/jobs/relay/view?isMypage=no&rec_idx=45725093,(주)넥슨,[인텔리전스랩스] 데이터 분석가 (UX/게임 경험 분석) (계약직),경기성남시 분당구,데이터분석가빅데이터SparkSQL
https://www.saramin.co.kr/zf_user/jobs/relay/view?isMypage=no&rec_idx=45961601,(주)맨파워그룹코리아,[광화문/신입/재택] 외국계지도사 IT Engineer,서울종로구,기술지원앱개발웹개발유지보수
https://www.saramin.co.kr/zf_user/jobs/relay/view?isMypage=no&rec_idx=45906673,아이크래프트(주),클라우드 설계 및 기술지원 신입 채용,서울강남구,클라우드기술지원솔루션DBMS
https://www.saramin.co.kr/zf_user/jobs/relay/view?isMypage=no&rec_idx=45631132,(주)플래티어,그루비사업부 데이터사이언티스트,서울전체,데이터분석가백엔드/서버개발웹개발SE(시스템엔지니어)
https://www.saramin.co.kr/zf_user/jobs/relay/view?isMypage=no&rec_idx=45913947,(주)다래파크텍,Java 프로그래머 경력 모집 (정규직),서울송파구,백엔드/서버개발프론트엔드DockerFlask
https://www.saramin.co.kr/zf_user/jobs/relay/view?isMypage=no&rec_idx=45979522,한영회계법인,감사부문 데이터전략컨설팅 데이터 컨설턴트 경력직,서울영등포구,데이터분석가R전략기획경영컨설팅
https://www.saramin.co.kr/zf_user/jobs/relay/view?isMypage=no&rec_idx=45954839,(주)네오플,[네오플][서울지사][AK] 게임밸런싱 기획자 모집,서울강남구,게임개발Unreal콘텐츠기획게임기획
https://www.saramin.co.kr/zf_user/jobs/relay/view?isMypage=no&rec_idx=45965127,(주)샌즈랩,웹개발팀_대리급,서울강남구,백엔드/서버개발웹개발퍼블리셔프론트엔드
https://www.saramin.co.kr/zf_user/jobs/relay/view?isMypage=no&rec_idx=45927281,알서포트(주),[코스닥상장사] 테스트 자동화 구축 엔지니어 채용,서울송파구,유지보수QA/테스터APIS/W
https://www.saramin.co.kr/zf_user/jobs/relay/view?isMypage=no&rec_idx=45957642,패션앤스타일컴퍼니 주식회사,콘텐츠 기획/운영 정규직 채용[신입/경력],서울종로구,마케팅기획마케팅전략행사기획SNS마케팅콘텐츠기획
https://www.saramin.co.kr/zf_user/jobs/relay/view?isMypage=no&rec_idx=45920450,(주)넥타르소프트,"[넥타르소프트] 데이터관리, 분석 및 모델링",서울마포구,데이터분석가딥러닝머신러닝빅데이터
https://www.saramin.co.kr/zf_user/jobs/relay/view?isMypage=no&rec_idx=45694753,(주)모니터랩,2023년 IT 전문연구요원 채용,서울구로구,백엔드/서버개발정보보안프론트엔드네트워크
https://www.saramin.co.kr/zf_user/jobs/relay/view?isMypage=no&rec_idx=45705283,㈜루트로닉,Hardware/Firmware Engineer (하드웨어/펌웨어/의료기기) Senior,경기고양시 덕양구,알고리즘정보통신펌웨어FPGA
https://www.saramin.co.kr/zf_user/jobs/relay/view?isMypage=no&rec_idx=45965428,(주)샌즈랩,플랫폼개발팀_대리급,서울강남구,백엔드/서버개발웹개발SE(시스템엔지니어)C++
https://www.saramin.co.kr/zf_user/jobs/relay/view?isMypage=no&rec_idx=45589757,넛지헬스케어(주),[캐시워크] 데이터분석가 - 석사/박사,서울강남구,데이터분석가데이터엔지니어검색엔진네트워크
https://www.saramin.co.kr/zf_user/jobs/relay/view?isMypage=no&rec_idx=45936529,(주)꿈비,[KOSDAQ 꿈비] 2023상반기(온라인MD / ERP시스템) 경력직 채용,경기수원시 영통구,ERPJavaLinux영업관리
https://www.saramin.co.kr/zf_user/jobs/relay/view?isMypage=no&rec_idx=45858481,(주)케이티디에스,[국비지원 IT교육] 웹 융합 애플리케이션 개발자 양성과정,서울서초구,앱개발웹개발프론트엔드머신러닝
https://www.saramin.co.kr/zf_user/jobs/relay/view?isMypage=no&rec_idx=45797080,디포커스(주),Data Engineer 데이터 엔지니어 신입 및 경력 정규직 채용,서울성동구,데이터엔지니어DBA데이터시각화빅데이터
https://www.saramin.co.kr/zf_user/jobs/relay/view?isMypage=no&rec_idx=45998820,(주)맨파워그룹코리아,"[LG화학/여의도] DX모델 개발 및 데이터 라벨링(영상,언어) 모집",서울영등포구,데이터라벨링딥러닝머신러닝AI(인공지능)
https://www.saramin.co.kr/zf_user/jobs/relay/view?isMypage=no&rec_idx=45657060,자이에스앤디(주),자이에스앤디(주) 정보보안 운영 경력직 모집,서울중구,정보보안방화벽취약점진단보안관제
https://www.saramin.co.kr/zf_user/jobs/relay/view?isMypage=no&rec_idx=45791424,(주)수산아이앤티 (구 플러스기술),[코스닥상장사 수산INT] 개발직군 경력직 모집,서울강남구,기술지원데이터엔지니어백엔드/서버개발보안컨설팅
https://www.saramin.co.kr/zf_user/jobs/relay/view?isMypage=no&rec_idx=45860228,(주)크레버스,Data Engineer(2년 이상),서울강남구,데이터분석가데이터엔지니어백엔드/서버개발웹개발
https://www.saramin.co.kr/zf_user/jobs/relay/view?isMypage=no&rec_idx=45623478,(주)인터엠,(주)인터엠 연구소 부문별 신입/경력 채용 모집,서울도봉구,임베디드APIAjaxC++
https://www.saramin.co.kr/zf_user/jobs/relay/view?isMypage=no&rec_idx=45936669,(주)이스턴네트웍스,"자사 플랫폼 개발자 채용 (신입,경력)",서울강남구,웹개발CSSHTMLOracleDB
https://www.saramin.co.kr/zf_user/jobs/relay/view?isMypage=no&rec_idx=45591062,넛지헬스케어(주),[캐시워크] 데이터분석 담당 (석사/박사),서울강남구,데이터분석가SE(시스템엔지니어)데이터마이닝데이터시각화
https://www.saramin.co.kr/zf_user/jobs/relay/view?isMypage=no&rec_idx=43381967,(주)모니터랩,보안 솔루션 및 플랫폼 개발자 채용,서울전체,백엔드/서버개발웹개발SE(시스템엔지니어)블록체인
https://www.saramin.co.kr/zf_user/jobs/relay/view?isMypage=no&rec_idx=45602915,(주)덴티움,[SW] AI 자동화 기술 SW개발,경기전체,데이터분석가딥러닝머신러닝블록체인
https://www.saramin.co.kr/zf_user/jobs/relay/view?isMypage=no&rec_idx=45970781,(주)캠시스,S/W 파트 경력 채용,인천연수구,데이터분석가데이터엔지니어데이터시각화알고리즘
https://www.saramin.co.kr/zf_user/jobs/relay/view?isMypage=no&rec_idx=45854123,예스이십사(주),[YES24]MS-SQL / MySQL DB 운영 및 관리 경력직(정규직)채용,서울영등포구,DBA클라우드WindowsAzure
https://www.saramin.co.kr/zf_user/jobs/relay/view?isMypage=no&rec_idx=45933004,(주)제이에스티나,[제이에스티나] CRM부문 경력직 모집,서울송파구,RSQL고객관리매출관리
https://www.saramin.co.kr/zf_user/jobs/relay/view?isMypage=no&rec_idx=45976342,(주)안랩,[경력] 연구소 오픈소스 관리시스템 개발 및 운영,경기성남시 분당구,백엔드/서버개발유지보수스크립트Angular
https://www.saramin.co.kr/zf_user/jobs/relay/view?isMypage=no&rec_idx=45983661,(주)엘아이지시스템,LIG시스템 시스템 개발 경력 채용(SI),서울종로구,앱개발웹개발SI개발C++
https://www.saramin.co.kr/zf_user/jobs/relay/view?isMypage=no&rec_idx=45828208,(주)스포티스틱스,[Spotistics] 스포츠 데이터 운영 사원 모집,서울마포구,야구프로야구KBO리그데이터분석데이터운영
https://www.saramin.co.kr/zf_user/jobs/relay/view?isMypage=no&rec_idx=45936254,(주)미디어그룹사람과숲,개발자 경력직 정규 채용 [미디어그룹 사람과 숲㈜],서울구로구,백엔드/서버개발앱개발웹개발퍼블리셔
https://www.saramin.co.kr/zf_user/jobs/relay/view?isMypage=no&rec_idx=45966330,교보정보통신(주),경력직 채용 공고(사업 확장에 따른 인재 채용),서울종로구,기술지원데이터분석가백엔드/서버개발앱개발
https://www.saramin.co.kr/zf_user/jobs/relay/view?isMypage=no&rec_idx=45802000,(주)아이디어키,[아이디어키] 2023년 각 부문 신입/경력 채용,서울강남구,백엔드/서버개발웹개발검색엔진솔루션
https://www.saramin.co.kr/zf_user/jobs/relay/view?isMypage=no&rec_idx=45918004,주성엔지니어링(주),주성엔지니어링 SW개발 신입사원 채용,경기용인시 기흥구,유지보수QA/테스터SE(시스템엔지니어)FPGA
https://www.saramin.co.kr/zf_user/jobs/relay/view?isMypage=no&rec_idx=45877854,(주)알마로꼬,[뉴미디어회사 알마로꼬] 각 부문 정규직 채용,경기하남시,기술지원데이터분석가데이터엔지니어백엔드/서버개발
https://www.saramin.co.kr/zf_user/jobs/relay/view?isMypage=no&rec_idx=45929176,슈어소프트테크(주),2023년 상반기 신입/경력 모집,경기성남시 수정구,QA/테스터딥러닝머신러닝빅데이터
https://www.saramin.co.kr/zf_user/jobs/relay/view?isMypage=no&rec_idx=45924611,(주)미래와도전,2023 하반기 신입/경력사원 채용,경기용인시 기흥구,기술지원데이터분석가데이터엔지니어백엔드/서버개발
https://www.saramin.co.kr/zf_user/jobs/relay/view?isMypage=no&rec_idx=45846871,(주)리파인,(주)리파인 각 부문별 신입/경력 채용공고,서울강남구,데이터분석가데이터엔지니어백엔드/서버개발보안컨설팅
https://www.saramin.co.kr/zf_user/jobs/relay/view?isMypage=no&rec_idx=45988058,(주)지에스아이티엠,GS칼텍스 에너지플러스 JAVA 개발 및 프런트 유지보수 담당자 모집,서울강남구,데이터분석가데이터엔지니어백엔드/서버개발보안컨설팅
https://www.saramin.co.kr/zf_user/jobs/relay/view?isMypage=no&rec_idx=45922293,(주)건양아이티티,"㈜건양아이티티 영업,전산,기계설계,생산 인재채용",부산강서구,백엔드/서버개발앱개발웹개발웹마스터
https://www.saramin.co.kr/zf_user/jobs/relay/view?isMypage=no&rec_idx=45985049,국가보안기술연구소,2023년도 국가보안기술연구소 3차 계약직 채용,대전유성구,백엔드/서버개발웹마스터정보보안프론트엔드
https://www.saramin.co.kr/zf_user/jobs/relay/view?isMypage=no&rec_idx=45988136,(주)지에스아이티엠,통합DB 운영서버 및 DBA 업무 담당자 모집,서울강남구,데이터분석가데이터엔지니어백엔드/서버개발보안컨설팅
https://www.saramin.co.kr/zf_user/jobs/relay/view?isMypage=no&rec_idx=45916862,주식회사 리만코리아,"IT 경력 및 신입 채용(백엔드개발, 서비스기획, 디지털마케팅, 네트워크운영)",서울강남구,백엔드/서버개발보안컨설팅유지보수정보보안
https://www.saramin.co.kr/zf_user/jobs/relay/view?isMypage=no&rec_idx=45945145,주식회사크리스비,서버/백엔드 개발자 신입채용,서울강남구,기술지원데이터분석가데이터엔지니어백엔드/서버개발
https://www.saramin.co.kr/zf_user/jobs/relay/view?isMypage=no&rec_idx=45839121,(주)하나텍시스템,[하나텍시스템] 연구소 개발자 대규모 수시채용 진행중,경기광명시,앱개발SI개발데이터라벨링딥러닝
https://www.saramin.co.kr/zf_user/jobs/relay/view?isMypage=no&rec_idx=45616646,(주)파이토웨이,[온누리약국 체인법인] 2023년 부문별 신입/경력 공개채용,서울강남구,백엔드/서버개발웹개발프론트엔드SE(시스템엔지니어)
https://www.saramin.co.kr/zf_user/jobs/relay/view?isMypage=no&rec_idx=45966155,삼성전자(주),DX부문 AI/데이터 분야 경력사원 채용,경기수원시 영통구,데이터엔지니어백엔드/서버개발프론트엔드딥러닝
https://www.saramin.co.kr/zf_user/jobs/relay/view?isMypage=no&rec_idx=45926350,현대자동차(주),자동화제어 생산기술(울산공장),울산전체,알고리즘C++Java생산자동화
https://www.saramin.co.kr/zf_user/jobs/relay/view?isMypage=no&rec_idx=45834523,(주)이든앤앨리스마케팅,[이든앤앨리스마케팅] 마케팅 AE 경력직 채용,서울강남구,기술지원백엔드/서버개발앱개발웹개발
https://www.saramin.co.kr/zf_user/jobs/relay/view?isMypage=no&rec_idx=45721504,(주)원익로보틱스,전 직무 채용 [물류자동화/개발/설계/PM/기획/영업],경기성남시 분당구,백엔드/서버개발앱개발웹개발딥러닝
https://www.saramin.co.kr/zf_user/jobs/relay/view?isMypage=no&rec_idx=45979582,(주)에스제이테크놀로지,[주 4.25일제] 2023년 개발자 채용( 자바 ),서울마포구,백엔드/서버개발웹개발JavaJavascriptSpring
https://www.saramin.co.kr/zf_user/jobs/relay/view?isMypage=no&rec_idx=45963863,(주)사람인에이치에스,[ 죽전/ 워라벨/ 복지우수] 대기업 다우기술 IT엔지니어 채용,경기용인시 수지구,기술지원데이터엔지니어백엔드/서버개발보안컨설팅
https://www.saramin.co.kr/zf_user/jobs/relay/view?isMypage=no&rec_idx=45901550,(주)불스원,SCM 생산기획(supply planning)담당 경력사원 모집,서울강남구,생산관리생산설계데이터분석자료조사자재관리
https://www.saramin.co.kr/zf_user/jobs/relay/view?isMypage=no&rec_idx=45985287,유한킴벌리(주),유한킴벌리㈜ - CRM IT Platform & Data Manager 경력채용,서울송파구,데이터분석가데이터엔지니어백엔드/서버개발DBA
https://www.saramin.co.kr/zf_user/jobs/relay/view?isMypage=no&rec_idx=45984639,(주)넥슨,[인텔리전스랩스] 탐지솔루션실 데이터 엔지니어,경기성남시 분당구,빅데이터솔루션ApacheAWS
https://www.saramin.co.kr/zf_user/jobs/relay/view?isMypage=no&rec_idx=45925873,(주)오픈메이트,[오픈메이트] 부문별 신입/경력 인재모집,서울서대문구,데이터분석가데이터엔지니어백엔드/서버개발웹개발
https://www.saramin.co.kr/zf_user/jobs/relay/view?isMypage=no&rec_idx=45724020,(주)파이버프로,㈜파이버프로 2023년도 상반기 부문별 채용공고,대전유성구,H/WMCUS/WC++
https://www.saramin.co.kr/zf_user/jobs/relay/view?isMypage=no&rec_idx=45920780,(주)에이치엘클레무브,"상반기 5차 수시채용 (R&D, 해외영업, 사업전략, 부품개발)",경기성남시 수정구,연구원R&D자율주행자동차부품
https://www.saramin.co.kr/zf_user/jobs/relay/view?isMypage=no&rec_idx=45977160,(주)아이투맥스,[Salesforce/업계 1위] Java 개발자(신입/경력),서울마포구,백엔드/서버개발웹개발유지보수프론트엔드
https://www.saramin.co.kr/zf_user/jobs/relay/view?isMypage=no&rec_idx=45602030,(주)리트빅,[리트빅] 부문별 신입/경력 인재 채용,경기성남시 분당구,기술지원데이터분석가데이터엔지니어백엔드/서버개발
https://www.saramin.co.kr/zf_user/jobs/relay/view?isMypage=no&rec_idx=45975322,(주)솔탑,[솔탑] 2023년 각 부문 신입 / 경력 모집,대전유성구,백엔드/서버개발보안컨설팅웹개발정보보안
https://www.saramin.co.kr/zf_user/jobs/relay/view?isMypage=no&rec_idx=45946231,쿠팡(주),Program Management Consultant,서울송파구,솔루션클라우드RestAPISaaS
https://www.saramin.co.kr/zf_user/jobs/relay/view?isMypage=no&rec_idx=45984532,(주)재하정보기술,웹 개발 경력 및 신입사원 채용,경기안양시 동안구,백엔드/서버개발앱개발웹개발퍼블리셔
https://www.saramin.co.kr/zf_user/jobs/relay/view?isMypage=no&rec_idx=45965578,(주)투비웨이,솔루션 Java 프로그래머 모집(신입사원 집합교육),경기성남시 분당구,데이터엔지니어백엔드/서버개발웹개발프론트엔드
https://www.saramin.co.kr/zf_user/jobs/relay/view?isMypage=no&rec_idx=41757583,(주)스마일코리아,2023년 하반기 신입 및 경력 대규모 채용,서울금천구,웹개발MySQLPHP사무직
https://www.saramin.co.kr/zf_user/jobs/relay/view?isMypage=no&rec_idx=45799330,주식회사 솔트룩스이노베이션,JAVA WEB개발/클라우드/머신러닝/챗봇구축,서울강남구,데이터분석가데이터엔지니어백엔드/서버개발웹개발
https://www.saramin.co.kr/zf_user/jobs/relay/view?isMypage=no&rec_idx=45834462,(주)헥토이노베이션,헥토이노베이션 직군별 인재 모집,서울강남구,데이터분석가백엔드/서버개발앱개발웹개발
https://www.saramin.co.kr/zf_user/jobs/relay/view?isMypage=no&rec_idx=45882393,(주)오누이,[에듀테크 스타트업 오누이] 분야별 채용,서울마포구,기술지원데이터분석가데이터엔지니어백엔드/서버개발
https://www.saramin.co.kr/zf_user/jobs/relay/view?isMypage=no&rec_idx=45944559,(주)클린일렉스,연구소(하드웨어/응용프로그램/서버/QA/행정) 채용,경기군포시,기술지원데이터분석가데이터엔지니어백엔드/서버개발
https://www.saramin.co.kr/zf_user/jobs/relay/view?isMypage=no&rec_idx=45908049,(재)충남정보문화산업진흥원,2023년 제2차 정규직 및 계약직 직원채용 공고,충남아산시,게임개발GM(게임운영)ICT컨설팅빅데이터
https://www.saramin.co.kr/zf_user/jobs/relay/view?isMypage=no&rec_idx=45971449,(주)하이텔레서비스,[LG전자 자회사] 고객센터 데이터 통계/분석 담당 정규직 채용,서울강서구,데이터분석가데이터엔지니어MSSQLMySQL
https://www.saramin.co.kr/zf_user/jobs/relay/view?isMypage=no&rec_idx=45784133,(주)DYB최선어학원,[직영] DYB최선어학원 각 부문 STAFF 모집,서울강남구,영상처리AjaxAWSHTML
https://www.saramin.co.kr/zf_user/jobs/relay/view?isMypage=no&rec_idx=45385266,(주)디모아,각 분야 채용공고,서울용산구,데이터엔지니어유지보수SE(시스템엔지니어)빅데이터
https://www.saramin.co.kr/zf_user/jobs/relay/view?isMypage=no&rec_idx=45376663,㈜해커스교육그룹,"[DBA/정보보안/QA엔지니어/클라우드엔지니어/데이터분석,기획]",서울서초구,기술지원데이터분석가데이터엔지니어백엔드/서버개발
https://www.saramin.co.kr/zf_user/jobs/relay/view?isMypage=no&rec_idx=45872769,쿠팡(주),[CFS] Business Analytics (Fresh QC),서울송파구,SQLBA전자상거래B2B
https://www.saramin.co.kr/zf_user/jobs/relay/view?isMypage=no&rec_idx=45893760,(주)널리소프트,[AI 세금신고 1위 SSEM] 각 부문 신입 및 경력 채용,서울영등포구,기술지원데이터분석가데이터엔지니어백엔드/서버개발
https://www.saramin.co.kr/zf_user/jobs/relay/view?isMypage=no&rec_idx=45822078,캐논코리아 주식회사,캐논코리아 안산사업소 각 부문 채용 (일반 / 연구),경기안산시,기술지원데이터분석가데이터엔지니어보안컨설팅
https://www.saramin.co.kr/zf_user/jobs/relay/view?isMypage=no&rec_idx=45790905,(주)아이스크림아트,2023 ㈜아이스크림아트 각 부문별 경력직원 공개 채용,서울강남구,웹개발프론트엔드웹표준·웹접근성CSS
https://www.saramin.co.kr/zf_user/jobs/relay/view?isMypage=no&rec_idx=45993549,(주)캐처스,[업계 최상위 수준 우대] 각 분야 정규직 인재 채용,서울강남구,데이터분석가백엔드/서버개발앱개발웹개발
https://www.saramin.co.kr/zf_user/jobs/relay/view?isMypage=no&rec_idx=45987302,한국표준협회,[교육비 전액 무료] 인텔 코리아 인공지능 인재 양성과정 교육생,서울중구,기술지원데이터분석가데이터엔지니어백엔드/서버개발
https://www.saramin.co.kr/zf_user/jobs/relay/view?isMypage=no&rec_idx=45970243,세메스(주),2023 SEMES 박사 공개채용,충남천안시,기술지원데이터분석가데이터엔지니어백엔드/서버개발
https://www.saramin.co.kr/zf_user/jobs/relay/view?isMypage=no&rec_idx=45985507,롯데정보통신(주),[롯데정보통신] 2023년 6월 경력채용,서울중구,임베디드펌웨어RTOSSAP
https://www.saramin.co.kr/zf_user/jobs/relay/view?isMypage=no&rec_idx=45920151,한국전자금융(주),부문별 신입/경력 채용[BIZ개발/솔루션개발/KIOSK/기술지원/CS/영업 외],서울강남구,기술지원앱개발웹개발유지보수
https://www.saramin.co.kr/zf_user/jobs/relay/view?isMypage=no&rec_idx=45822152,캐논코리아 주식회사,캐논코리아 각 부문 채용 (본사/지사),서울강남구,데이터엔지니어백엔드/서버개발보안컨설팅앱개발
https://www.saramin.co.kr/zf_user/jobs/relay/view?isMypage=no&rec_idx=45966700,(주) LG CNS,2023 LG CNS Global Recruitng 상반기 해외 석/박사 채용,서울강서구,데이터분석가백엔드/서버개발웹개발웹마스터
https://www.saramin.co.kr/zf_user/jobs/relay/view?isMypage=no&rec_idx=45907759,(주)에스에스알,2023년 각 부문 신입/경력 채용,서울구로구,데이터엔지니어백엔드/서버개발보안컨설팅웹개발
https://www.saramin.co.kr/zf_user/jobs/relay/view?isMypage=no&rec_idx=45957952,메디컬아이피(주),[서울대병원 1호 스타트업] 2023 하반기 대규모 인재채용,서울종로구,데이터분석가데이터엔지니어백엔드/서버개발프론트엔드
https://www.saramin.co.kr/zf_user/jobs/relay/view?isMypage=no&rec_idx=45916336,(주)풍산,㈜풍산 경력사원 수시채용,서울서대문구,정보통신S/WC#C++
https://www.saramin.co.kr/zf_user/jobs/relay/view?isMypage=no&rec_idx=45977200,(주)한국씨티은행,[한국씨티은행] 각 부문 경력직 채용 공고,서울영등포구,앱개발웹개발웹마스터유지보수
https://www.saramin.co.kr/zf_user/jobs/relay/view?isMypage=no&rec_idx=45943784,(주)교원,[교원그룹] 6월 신입/경력 정기 수시채용,서울중구,데이터분석가데이터엔지니어백엔드/서버개발앱개발
https://www.saramin.co.kr/zf_user/jobs/relay/view?isMypage=no&rec_idx=45935248,(주)아이비케이시스템,2023년 IBK시스템 경력사원 채용,서울중구,데이터분석가데이터엔지니어백엔드/서버개발앱개발
https://www.saramin.co.kr/zf_user/jobs/relay/view?isMypage=no&rec_idx=45917722,(주)제주항공,2023년 제주항공 신입/경력사원 채용,서울강서구,데이터분석가데이터엔지니어보안컨설팅앱개발
https://www.saramin.co.kr/zf_user/jobs/relay/view?isMypage=no&rec_idx=45902522,(의)엔티엘의료재단,엔티엘그룹 2023년 신입/경력직 채용,경기용인시 수지구,앱개발웹개발프론트엔드Android
https://www.saramin.co.kr/zf_user/jobs/relay/view?isMypage=no&rec_idx=45772640,케이웨더(주),케이웨더㈜ 신입/경력 공개채용,서울구로구,기술지원백엔드/서버개발유지보수프론트엔드
https://www.saramin.co.kr/zf_user/jobs/relay/view?isMypage=no&rec_idx=45978232,한국야금(주),2023년 KORLOY 대졸 수시채용 (추가),서울서초구,기술지원데이터분석가데이터엔지니어백엔드/서버개발
https://www.saramin.co.kr/zf_user/jobs/relay/view?isMypage=no&rec_idx=45925049,(주)다인정공,각 부문 신입/경력 채용공고,경기시흥시,기술지원유지보수SE(시스템엔지니어)인프라
https://www.saramin.co.kr/zf_user/jobs/relay/view?isMypage=no&rec_idx=45986639,(주)핀크,[하나금융그룹 자회사] 경력직 수시 채용,서울중구,백엔드/서버개발웹개발정보보안퍼블리셔
https://www.saramin.co.kr/zf_user/jobs/relay/view?isMypage=no&rec_idx=45839144,주식회사 티시스 아이티,"태광그룹 ㈜티시스아이티 우수 ""IT 기술 리더"" 영입",서울중구,기술지원데이터분석가데이터엔지니어백엔드/서버개발
https://www.saramin.co.kr/zf_user/jobs/relay/view?isMypage=no&rec_idx=45945048,한국전력거래소,전력거래소 2023년 공개채용,전남나주시,데이터분석가데이터엔지니어백엔드/서버개발보안컨설팅
https://www.saramin.co.kr/zf_user/jobs/relay/view?isMypage=no&rec_idx=45750005,(주)딥노이드,딥노이드 신입 ·경력 채용공고,서울구로구,데이터분석가데이터엔지니어백엔드/서버개발보안컨설팅
https://www.saramin.co.kr/zf_user/jobs/relay/view?isMypage=no&rec_idx=45947063,(주)코렌스이엠,[코렌스EM] 각 부문 신입/경력 모집,부산강서구,SE(시스템엔지니어)알고리즘임베디드H/W
https://www.saramin.co.kr/zf_user/jobs/relay/view?isMypage=no&rec_idx=45922886,드림라인(주),2023년 하반기 드림인 정규직 대졸 사원 모집,서울구로구,데이터분석가데이터엔지니어데이터마이닝데이터시각화
https://www.saramin.co.kr/zf_user/jobs/relay/view?isMypage=no&rec_idx=45965705,메리츠화재해상보험(주),"일반직군(IT, 장기상품)및 사무지원직군(일반보험 총무) 경력채용",서울전체,SAS사무직서무송무비서
https://www.saramin.co.kr/zf_user/jobs/relay/view?isMypage=no&rec_idx=45980213,(주)페이타랩,[패스오더] 급성장중인 스타트업 ‘전직군’ 대규모 채용,서울강남구,데이터분석가데이터엔지니어백엔드/서버개발유지보수
https://www.saramin.co.kr/zf_user/jobs/relay/view?isMypage=no&rec_idx=45793295,시냅스이미징(주),각 부문 신입 / 경력 채용,경기군포시,기술지원데이터분석가유지보수머신러닝
https://www.saramin.co.kr/zf_user/jobs/relay/view?isMypage=no&rec_idx=45814510,(주)솔로몬텍,솔로몬텍 분야별 IT인재 채용,서울영등포구,기술지원데이터엔지니어백엔드/서버개발보안컨설팅
https://www.saramin.co.kr/zf_user/jobs/relay/view?isMypage=no&rec_idx=45901362,(주)넥스플러스,㈜넥스플러스 2023년도 상반기 신입/경력 모집,경기전체,백엔드/서버개발정보보안IT컨설팅SE(시스템엔지니어)네트워크
https://www.saramin.co.kr/zf_user/jobs/relay/view?isMypage=no&rec_idx=45936484,(주)코오롱,2023년 코오롱그룹 6월 정기공채,경기과천시,백엔드/서버개발정보보안SE(시스템엔지니어)네트워크
https://www.saramin.co.kr/zf_user/jobs/relay/view?isMypage=no&rec_idx=45825435,(주)NE능률,2023년 6월 NE능률 신입 및 경력(수시) 채용,서울마포구,백엔드/서버개발보안컨설팅유지보수정보보안
https://www.saramin.co.kr/zf_user/jobs/relay/view?isMypage=no&rec_idx=45737108,(주)위즈코리아,㈜위즈코리아/㈜위즈COK '23년 상반기 신입/경력 사원 모집,서울강서구,백엔드/서버개발웹개발정보보안퍼블리셔
https://www.saramin.co.kr/zf_user/jobs/relay/view?isMypage=no&rec_idx=44948146,(주)코난테크놀로지,2023년 상반기 각 부문 신입/경력 상시 채용,서울서초구,기술지원데이터분석가백엔드/서버개발보안컨설팅
https://www.saramin.co.kr/zf_user/jobs/relay/view?isMypage=no&rec_idx=45716121,현대오토에버(주),[현대오토에버] 전 부문 경력직 채용,서울강남구,기술지원데이터분석가백엔드/서버개발보안컨설팅
https://www.saramin.co.kr/zf_user/jobs/relay/view?isMypage=no&rec_idx=45995320,㈜셀트리온,㈜셀트리온 분야별 신입/경력 수시채용('23.06.23~07.04),인천연수구,제약/바이오제조바이오의약·제약바이오
https://www.saramin.co.kr/zf_user/jobs/relay/view?isMypage=no&rec_idx=45982951,HL홀딩스,㈜HL홀딩스 2023년 상반기 부문별 경력사원 채용,서울송파구,데이터분석가백엔드/서버개발앱개발정보보안
https://www.saramin.co.kr/zf_user/jobs/relay/view?isMypage=no&rec_idx=45824823,청오디피케이(주),도미노피자 자회사 공개채용,서울강남구,백엔드/서버개발보안컨설팅웹개발웹마스터
https://www.saramin.co.kr/zf_user/jobs/relay/view?isMypage=no&rec_idx=45995875,(주)엘엑스세미콘,2023년 6월 경력사원 채용,서울강남구,보안컨설팅정보보안CISO정보통신
https://www.saramin.co.kr/zf_user/jobs/relay/view?isMypage=no&rec_idx=45663382,(주)마더케이,[사업확장] 각 부문 신규 채용,경기성남시 분당구,기술지원데이터분석가데이터엔지니어백엔드/서버개발
https://www.saramin.co.kr/zf_user/jobs/relay/view?isMypage=no&rec_idx=45860226,(주)이그니스,[이그니스] 랩노쉬 2023년 공개채용,서울성동구,CFACFOIR/공시관리회계세무회계
https://www.saramin.co.kr/zf_user/jobs/relay/view?isMypage=no&rec_idx=45991139,(주)파수,23년 2차 신입 공채,서울마포구,기술지원백엔드/서버개발보안컨설팅웹개발
https://www.saramin.co.kr/zf_user/jobs/relay/view?isMypage=no&rec_idx=45798889,디아이티(주),"SW,제어 인재 채용",경기화성시,앱개발유지보수SE(시스템엔지니어)딥러닝
https://www.saramin.co.kr/zf_user/jobs/relay/view?isMypage=no&rec_idx=45926274,에드워드 코리아(주),조립공정 생산/공정관리업무 신입 및 경력(대리급) 채용,충남천안시 서북구,C++JavaMatlab생산관리
https://www.saramin.co.kr/zf_user/jobs/relay/view?isMypage=no&rec_idx=45921611,서울대학교병원,서울대학교병원 데이터분석/머신러닝 연구원 및 대학원생 채용,서울종로구,데이터분석가데이터엔지니어딥러닝머신러닝
https://www.saramin.co.kr/zf_user/jobs/relay/view?isMypage=no&rec_idx=45856871,(주)파미,2023년 각 부문별 신입/경력 채용,대전유성구,기술지원딥러닝알고리즘영상처리
https://www.saramin.co.kr/zf_user/jobs/relay/view?isMypage=no&rec_idx=45749512,(주)더비즈,[SK그룹 계열사 ㈜더비즈] 각 부문별 신입/경력 채용,서울서초구,백엔드/서버개발앱개발웹개발퍼블리셔
https://www.saramin.co.kr/zf_user/jobs/relay/view?isMypage=no&rec_idx=45957417,(주)유니테스트,㈜유니테스트 각 부문 신입 및 경력 채용,경기용인시 기흥구,백엔드/서버개발앱개발유지보수QA/테스터
https://www.saramin.co.kr/zf_user/jobs/relay/view?isMypage=no&rec_idx=45860513,(주)에스티에이테스팅컨설팅,[ISTQB 교육/자격시험 지원]SW 테스트 엔지니어 모집(각 부문),서울강남구,게임개발기술지원데이터분석가데이터엔지니어
https://www.saramin.co.kr/zf_user/jobs/relay/view?isMypage=no&rec_idx=45919202,(주)커넥트웨이브,메이크샵 사업부 대규모 인재 모집,서울금천구,백엔드/서버개발앱개발웹개발정보보안
https://www.saramin.co.kr/zf_user/jobs/relay/view?isMypage=no&rec_idx=45978396,㈜엘오티베큠,[오산/세마역 10분]반도체장비회사 연구소 신입/경력 채용,경기오산시,빅데이터LabVIEW연구원기술연구
https://www.saramin.co.kr/zf_user/jobs/relay/view?isMypage=no&rec_idx=45787790,에이엠텔레콤(주),에이엠텔레콤㈜ 신입/경력 채용 모집,경기성남시 분당구,기술지원데이터분석가데이터엔지니어백엔드/서버개발
https://www.saramin.co.kr/zf_user/jobs/relay/view?isMypage=no&rec_idx=45931419,(주)인텍에프에이,"연구개발, S/W개발, 구매, 자재, 품질, 회계 부문별 신입 및 경력직원 채용",경기용인시 기흥구,유지보수네트워크H/WS/W
